[2025-04-14 12:12:22 +0700] [40254] [INFO] Running on http://0.0.0.0:5001 (CTRL + C to quit)
[2025-04-14 12:14:45 +0700] [43382] [INFO] Running on http://0.0.0.0:5001 (CTRL + C to quit)
[2025-04-14 13:33:37 +0700] [85619] [INFO] Running on http://0.0.0.0:5001 (CTRL + C to quit)
[2025-04-14 13:38:05 +0700] [90331] [INFO] Running on http://0.0.0.0:5001 (CTRL + C to quit)
[2025-04-14 13:39:44 +0700] [92176] [INFO] Running on http://0.0.0.0:5001 (CTRL + C to quit)
[2025-04-14 13:48:38 +0700] [1843] [INFO] Running on http://0.0.0.0:5001 (CTRL + C to quit)
[2025-04-14 14:17:42 +0700] [34255] [INFO] Running on http://0.0.0.0:5001 (CTRL + C to quit)
[2025-04-14 14:24:34 +0700] [41658] [INFO] Running on http://0.0.0.0:5001 (CTRL + C to quit)
[2025-04-14 14:25:18 +0700] [42611] [INFO] Running on http://0.0.0.0:5001 (CTRL + C to quit)
[2025-04-14 14:42:49 +0700] [60995] [INFO] Running on http://0.0.0.0:5001 (CTRL + C to quit)
[2025-04-14 14:43:31 +0700] [61808] [INFO] Running on http://0.0.0.0:5001 (CTRL + C to quit)
[2025-04-14 14:46:45 +0700] [65979] [INFO] Running on http://0.0.0.0:5001 (CTRL + C to quit)
[2025-04-14 22:09:35 +0700] [35753] [INFO] Running on http://0.0.0.0:5001 (CTRL + C to quit)
Traceback (most recent call last):
  File "/Users/apple/Workspace/anhdh.write/py-databackup/venv/bin/hypercorn", line 8, in <module>
    sys.exit(main())
             ~~~~^^
  File "/Users/apple/Workspace/anhdh.write/py-databackup/venv/lib/python3.13/site-packages/hypercorn/__main__.py", line 304, in main
    return run(config)
  File "/Users/apple/Workspace/anhdh.write/py-databackup/venv/lib/python3.13/site-packages/hypercorn/run.py", line 39, in run
    sockets = config.create_sockets()
  File "/Users/apple/Workspace/anhdh.write/py-databackup/venv/lib/python3.13/site-packages/hypercorn/config.py", line 206, in create_sockets
    insecure_sockets = self._create_sockets(self.bind)
  File "/Users/apple/Workspace/anhdh.write/py-databackup/venv/lib/python3.13/site-packages/hypercorn/config.py", line 273, in _create_sockets
    sock.bind(binding)
    ~~~~~~~~~^^^^^^^^^
OSError: [Errno 48] Address already in use
[2025-04-14 22:16:24 +0700] [41295] [INFO] Running on http://0.0.0.0:5001 (CTRL + C to quit)
[2025-04-15 09:26:53 +0700] [12891] [INFO] Running on http://0.0.0.0:5001 (CTRL + C to quit)
Traceback (most recent call last):
  File "/Users/apple/Workspace/anhdh.write/py-databackup/venv/bin/hypercorn", line 8, in <module>
    sys.exit(main())
             ~~~~^^
  File "/Users/apple/Workspace/anhdh.write/py-databackup/venv/lib/python3.13/site-packages/hypercorn/__main__.py", line 304, in main
    return run(config)
  File "/Users/apple/Workspace/anhdh.write/py-databackup/venv/lib/python3.13/site-packages/hypercorn/run.py", line 39, in run
    sockets = config.create_sockets()
  File "/Users/apple/Workspace/anhdh.write/py-databackup/venv/lib/python3.13/site-packages/hypercorn/config.py", line 206, in create_sockets
    insecure_sockets = self._create_sockets(self.bind)
  File "/Users/apple/Workspace/anhdh.write/py-databackup/venv/lib/python3.13/site-packages/hypercorn/config.py", line 273, in _create_sockets
    sock.bind(binding)
    ~~~~~~~~~^^^^^^^^^
OSError: [Errno 48] Address already in use
Traceback (most recent call last):
  File "/Users/apple/Workspace/anhdh.write/py-databackup/venv/bin/hypercorn", line 8, in <module>
    sys.exit(main())
             ~~~~^^
  File "/Users/apple/Workspace/anhdh.write/py-databackup/venv/lib/python3.13/site-packages/hypercorn/__main__.py", line 304, in main
    return run(config)
  File "/Users/apple/Workspace/anhdh.write/py-databackup/venv/lib/python3.13/site-packages/hypercorn/run.py", line 39, in run
    sockets = config.create_sockets()
  File "/Users/apple/Workspace/anhdh.write/py-databackup/venv/lib/python3.13/site-packages/hypercorn/config.py", line 206, in create_sockets
    insecure_sockets = self._create_sockets(self.bind)
  File "/Users/apple/Workspace/anhdh.write/py-databackup/venv/lib/python3.13/site-packages/hypercorn/config.py", line 273, in _create_sockets
    sock.bind(binding)
    ~~~~~~~~~^^^^^^^^^
OSError: [Errno 48] Address already in use
Traceback (most recent call last):
  File "/Users/apple/Workspace/anhdh.write/py-databackup/venv/bin/hypercorn", line 8, in <module>
    sys.exit(main())
             ~~~~^^
  File "/Users/apple/Workspace/anhdh.write/py-databackup/venv/lib/python3.13/site-packages/hypercorn/__main__.py", line 304, in main
    return run(config)
  File "/Users/apple/Workspace/anhdh.write/py-databackup/venv/lib/python3.13/site-packages/hypercorn/run.py", line 39, in run
    sockets = config.create_sockets()
  File "/Users/apple/Workspace/anhdh.write/py-databackup/venv/lib/python3.13/site-packages/hypercorn/config.py", line 206, in create_sockets
    insecure_sockets = self._create_sockets(self.bind)
  File "/Users/apple/Workspace/anhdh.write/py-databackup/venv/lib/python3.13/site-packages/hypercorn/config.py", line 273, in _create_sockets
    sock.bind(binding)
    ~~~~~~~~~^^^^^^^^^
OSError: [Errno 48] Address already in use
Traceback (most recent call last):
  File "/Users/apple/Workspace/anhdh.write/py-databackup/venv/bin/hypercorn", line 8, in <module>
    sys.exit(main())
             ~~~~^^
  File "/Users/apple/Workspace/anhdh.write/py-databackup/venv/lib/python3.13/site-packages/hypercorn/__main__.py", line 304, in main
    return run(config)
  File "/Users/apple/Workspace/anhdh.write/py-databackup/venv/lib/python3.13/site-packages/hypercorn/run.py", line 39, in run
    sockets = config.create_sockets()
  File "/Users/apple/Workspace/anhdh.write/py-databackup/venv/lib/python3.13/site-packages/hypercorn/config.py", line 206, in create_sockets
    insecure_sockets = self._create_sockets(self.bind)
  File "/Users/apple/Workspace/anhdh.write/py-databackup/venv/lib/python3.13/site-packages/hypercorn/config.py", line 273, in _create_sockets
    sock.bind(binding)
    ~~~~~~~~~^^^^^^^^^
OSError: [Errno 48] Address already in use
[2025-04-15 11:21:38 +0700] [58101] [INFO] Running on http://0.0.0.0:5001 (CTRL + C to quit)
[2025-04-15 11:53:37 +0700] [70100] [INFO] Running on http://0.0.0.0:5001 (CTRL + C to quit)
[2025-04-15 11:57:37 +0700] [71671] [INFO] Running on http://0.0.0.0:5001 (CTRL + C to quit)
[2025-04-15 11:57:55,742] ERROR in app: Exception on request GET /api/db_showb
Traceback (most recent call last):
  File "/Users/apple/Workspace/anhdh.write/py-databackup/venv/lib/python3.13/site-packages/quart/app.py", line 1464, in handle_request
    return await self.full_dispatch_request(request_context)
           ^^^^^^^^^^^^^^^^^^^^^^^^^^^^^^^^^^^^^^^^^^^^^^^^^
  File "/Users/apple/Workspace/anhdh.write/py-databackup/venv/lib/python3.13/site-packages/quart/app.py", line 1502, in full_dispatch_request
    result = await self.handle_user_exception(error)
             ^^^^^^^^^^^^^^^^^^^^^^^^^^^^^^^^^^^^^^^
  File "/Users/apple/Workspace/anhdh.write/py-databackup/venv/lib/python3.13/site-packages/quart/app.py", line 1059, in handle_user_exception
    raise error
  File "/Users/apple/Workspace/anhdh.write/py-databackup/venv/lib/python3.13/site-packages/quart/app.py", line 1500, in full_dispatch_request
    result = await self.dispatch_request(request_context)
             ^^^^^^^^^^^^^^^^^^^^^^^^^^^^^^^^^^^^^^^^^^^^
  File "/Users/apple/Workspace/anhdh.write/py-databackup/venv/lib/python3.13/site-packages/quart/app.py", line 1597, in dispatch_request
    return await self.ensure_async(handler)(**request_.view_args)  # type: ignore[return-value]
           ^^^^^^^^^^^^^^^^^^^^^^^^^^^^^^^^^^^^^^^^^^^^^^^^^^^^^^
  File "/Users/apple/Workspace/anhdh.write/py-databackup/api.py", line 38, in get_db_b
    'total': len(permission_checker.databases),
                 ^^^^^^^^^^^^^^^^^^
NameError: name 'permission_checker' is not defined
[2025-04-15 11:58:06,769] ERROR in app: Exception on request GET /api/db_showb
Traceback (most recent call last):
  File "/Users/apple/Workspace/anhdh.write/py-databackup/venv/lib/python3.13/site-packages/quart/app.py", line 1464, in handle_request
    return await self.full_dispatch_request(request_context)
           ^^^^^^^^^^^^^^^^^^^^^^^^^^^^^^^^^^^^^^^^^^^^^^^^^
  File "/Users/apple/Workspace/anhdh.write/py-databackup/venv/lib/python3.13/site-packages/quart/app.py", line 1502, in full_dispatch_request
    result = await self.handle_user_exception(error)
             ^^^^^^^^^^^^^^^^^^^^^^^^^^^^^^^^^^^^^^^
  File "/Users/apple/Workspace/anhdh.write/py-databackup/venv/lib/python3.13/site-packages/quart/app.py", line 1059, in handle_user_exception
    raise error
  File "/Users/apple/Workspace/anhdh.write/py-databackup/venv/lib/python3.13/site-packages/quart/app.py", line 1500, in full_dispatch_request
    result = await self.dispatch_request(request_context)
             ^^^^^^^^^^^^^^^^^^^^^^^^^^^^^^^^^^^^^^^^^^^^
  File "/Users/apple/Workspace/anhdh.write/py-databackup/venv/lib/python3.13/site-packages/quart/app.py", line 1597, in dispatch_request
    return await self.ensure_async(handler)(**request_.view_args)  # type: ignore[return-value]
           ^^^^^^^^^^^^^^^^^^^^^^^^^^^^^^^^^^^^^^^^^^^^^^^^^^^^^^
  File "/Users/apple/Workspace/anhdh.write/py-databackup/api.py", line 38, in get_db_b
    'total': len(permission_checker.databases),
                 ^^^^^^^^^^^^^^^^^^
NameError: name 'permission_checker' is not defined
[2025-04-15 11:58:43,996] ERROR in app: Exception on request GET /api/db_showb
Traceback (most recent call last):
  File "/Users/apple/Workspace/anhdh.write/py-databackup/venv/lib/python3.13/site-packages/quart/app.py", line 1464, in handle_request
    return await self.full_dispatch_request(request_context)
           ^^^^^^^^^^^^^^^^^^^^^^^^^^^^^^^^^^^^^^^^^^^^^^^^^
  File "/Users/apple/Workspace/anhdh.write/py-databackup/venv/lib/python3.13/site-packages/quart/app.py", line 1502, in full_dispatch_request
    result = await self.handle_user_exception(error)
             ^^^^^^^^^^^^^^^^^^^^^^^^^^^^^^^^^^^^^^^
  File "/Users/apple/Workspace/anhdh.write/py-databackup/venv/lib/python3.13/site-packages/quart/app.py", line 1059, in handle_user_exception
    raise error
  File "/Users/apple/Workspace/anhdh.write/py-databackup/venv/lib/python3.13/site-packages/quart/app.py", line 1500, in full_dispatch_request
    result = await self.dispatch_request(request_context)
             ^^^^^^^^^^^^^^^^^^^^^^^^^^^^^^^^^^^^^^^^^^^^
  File "/Users/apple/Workspace/anhdh.write/py-databackup/venv/lib/python3.13/site-packages/quart/app.py", line 1597, in dispatch_request
    return await self.ensure_async(handler)(**request_.view_args)  # type: ignore[return-value]
           ^^^^^^^^^^^^^^^^^^^^^^^^^^^^^^^^^^^^^^^^^^^^^^^^^^^^^^
  File "/Users/apple/Workspace/anhdh.write/py-databackup/api.py", line 38, in get_db_b
    'total': len(permission_checker.databases),
                 ^^^^^^^^^^^^^^^^^^
NameError: name 'permission_checker' is not defined
[2025-04-15 13:41:39 +0700] [79359] [INFO] Running on http://0.0.0.0:5001 (CTRL + C to quit)
[2025-04-15 14:21:25 +0700] [94938] [INFO] Running on http://0.0.0.0:5001 (CTRL + C to quit)
[2025-04-15 14:39:54 +0700] [2633] [INFO] Running on http://0.0.0.0:5001 (CTRL + C to quit)
Traceback (most recent call last):
  File "/Users/apple/Workspace/anhdh.write/py-databackup/py39/bin/hypercorn", line 8, in <module>
    sys.exit(main())
  File "/Users/apple/Workspace/anhdh.write/py-databackup/py39/lib/python3.9/site-packages/hypercorn/__main__.py", line 282, in main
    run(config)
  File "/Users/apple/Workspace/anhdh.write/py-databackup/py39/lib/python3.9/site-packages/hypercorn/run.py", line 36, in run
    worker_func(config)
  File "/Users/apple/Workspace/anhdh.write/py-databackup/py39/lib/python3.9/site-packages/hypercorn/asyncio/run.py", line 191, in asyncio_worker
    app = load_application(config.application_path)
  File "/Users/apple/Workspace/anhdh.write/py-databackup/py39/lib/python3.9/site-packages/hypercorn/utils.py", line 118, in load_application
    module = import_module(import_name)
  File "/opt/homebrew/Cellar/python@3.9/3.9.22/Frameworks/Python.framework/Versions/3.9/lib/python3.9/importlib/__init__.py", line 127, in import_module
    return _bootstrap._gcd_import(name[level:], package, level)
  File "<frozen importlib._bootstrap>", line 1030, in _gcd_import
  File "<frozen importlib._bootstrap>", line 1007, in _find_and_load
  File "<frozen importlib._bootstrap>", line 986, in _find_and_load_unlocked
  File "<frozen importlib._bootstrap>", line 680, in _load_unlocked
  File "<frozen importlib._bootstrap_external>", line 850, in exec_module
  File "<frozen importlib._bootstrap>", line 228, in _call_with_frames_removed
  File "/Users/apple/Workspace/anhdh.write/py-databackup/api.py", line 1, in <module>
    from quart import Quart, jsonify
  File "/Users/apple/Workspace/anhdh.write/py-databackup/py39/lib/python3.9/site-packages/quart/__init__.py", line 5, in <module>
    from .app import Quart as Quart
  File "/Users/apple/Workspace/anhdh.write/py-databackup/py39/lib/python3.9/site-packages/quart/app.py", line 45, in <module>
    from werkzeug.urls import url_quote
ImportError: cannot import name 'url_quote' from 'werkzeug.urls' (/Users/apple/Workspace/anhdh.write/py-databackup/py39/lib/python3.9/site-packages/werkzeug/urls.py)
Traceback (most recent call last):
  File "/Users/apple/Workspace/anhdh.write/py-databackup/py39/bin/hypercorn", line 8, in <module>
    sys.exit(main())
  File "/Users/apple/Workspace/anhdh.write/py-databackup/py39/lib/python3.9/site-packages/hypercorn/__main__.py", line 282, in main
    run(config)
  File "/Users/apple/Workspace/anhdh.write/py-databackup/py39/lib/python3.9/site-packages/hypercorn/run.py", line 36, in run
    worker_func(config)
  File "/Users/apple/Workspace/anhdh.write/py-databackup/py39/lib/python3.9/site-packages/hypercorn/asyncio/run.py", line 191, in asyncio_worker
    app = load_application(config.application_path)
  File "/Users/apple/Workspace/anhdh.write/py-databackup/py39/lib/python3.9/site-packages/hypercorn/utils.py", line 118, in load_application
    module = import_module(import_name)
  File "/opt/homebrew/Cellar/python@3.9/3.9.22/Frameworks/Python.framework/Versions/3.9/lib/python3.9/importlib/__init__.py", line 127, in import_module
    return _bootstrap._gcd_import(name[level:], package, level)
  File "<frozen importlib._bootstrap>", line 1030, in _gcd_import
  File "<frozen importlib._bootstrap>", line 1007, in _find_and_load
  File "<frozen importlib._bootstrap>", line 986, in _find_and_load_unlocked
  File "<frozen importlib._bootstrap>", line 680, in _load_unlocked
  File "<frozen importlib._bootstrap_external>", line 850, in exec_module
  File "<frozen importlib._bootstrap>", line 228, in _call_with_frames_removed
  File "/Users/apple/Workspace/anhdh.write/py-databackup/api.py", line 1, in <module>
    from quart import Quart, jsonify
  File "/Users/apple/Workspace/anhdh.write/py-databackup/py39/lib/python3.9/site-packages/quart/__init__.py", line 5, in <module>
    from .app import Quart as Quart
  File "/Users/apple/Workspace/anhdh.write/py-databackup/py39/lib/python3.9/site-packages/quart/app.py", line 45, in <module>
    from werkzeug.urls import url_quote
ImportError: cannot import name 'url_quote' from 'werkzeug.urls' (/Users/apple/Workspace/anhdh.write/py-databackup/py39/lib/python3.9/site-packages/werkzeug/urls.py)
Traceback (most recent call last):
  File "/Users/apple/Workspace/anhdh.write/py-databackup/py39/bin/hypercorn", line 8, in <module>
    sys.exit(main())
  File "/Users/apple/Workspace/anhdh.write/py-databackup/py39/lib/python3.9/site-packages/hypercorn/__main__.py", line 282, in main
    run(config)
  File "/Users/apple/Workspace/anhdh.write/py-databackup/py39/lib/python3.9/site-packages/hypercorn/run.py", line 36, in run
    worker_func(config)
  File "/Users/apple/Workspace/anhdh.write/py-databackup/py39/lib/python3.9/site-packages/hypercorn/asyncio/run.py", line 191, in asyncio_worker
    app = load_application(config.application_path)
  File "/Users/apple/Workspace/anhdh.write/py-databackup/py39/lib/python3.9/site-packages/hypercorn/utils.py", line 118, in load_application
    module = import_module(import_name)
  File "/opt/homebrew/Cellar/python@3.9/3.9.22/Frameworks/Python.framework/Versions/3.9/lib/python3.9/importlib/__init__.py", line 127, in import_module
    return _bootstrap._gcd_import(name[level:], package, level)
  File "<frozen importlib._bootstrap>", line 1030, in _gcd_import
  File "<frozen importlib._bootstrap>", line 1007, in _find_and_load
  File "<frozen importlib._bootstrap>", line 986, in _find_and_load_unlocked
  File "<frozen importlib._bootstrap>", line 680, in _load_unlocked
  File "<frozen importlib._bootstrap_external>", line 850, in exec_module
  File "<frozen importlib._bootstrap>", line 228, in _call_with_frames_removed
  File "/Users/apple/Workspace/anhdh.write/py-databackup/api.py", line 1, in <module>
    from quart import Quart, jsonify
  File "/Users/apple/Workspace/anhdh.write/py-databackup/py39/lib/python3.9/site-packages/quart/__init__.py", line 5, in <module>
    from .app import Quart as Quart
  File "/Users/apple/Workspace/anhdh.write/py-databackup/py39/lib/python3.9/site-packages/quart/app.py", line 45, in <module>
    from werkzeug.urls import url_quote
ImportError: cannot import name 'url_quote' from 'werkzeug.urls' (/Users/apple/Workspace/anhdh.write/py-databackup/py39/lib/python3.9/site-packages/werkzeug/urls.py)
Traceback (most recent call last):
  File "/Users/apple/Workspace/anhdh.write/py-databackup/py39/bin/hypercorn", line 8, in <module>
    sys.exit(main())
  File "/Users/apple/Workspace/anhdh.write/py-databackup/py39/lib/python3.9/site-packages/hypercorn/__main__.py", line 282, in main
    run(config)
  File "/Users/apple/Workspace/anhdh.write/py-databackup/py39/lib/python3.9/site-packages/hypercorn/run.py", line 36, in run
    worker_func(config)
  File "/Users/apple/Workspace/anhdh.write/py-databackup/py39/lib/python3.9/site-packages/hypercorn/asyncio/run.py", line 191, in asyncio_worker
    app = load_application(config.application_path)
  File "/Users/apple/Workspace/anhdh.write/py-databackup/py39/lib/python3.9/site-packages/hypercorn/utils.py", line 118, in load_application
    module = import_module(import_name)
  File "/opt/homebrew/Cellar/python@3.9/3.9.22/Frameworks/Python.framework/Versions/3.9/lib/python3.9/importlib/__init__.py", line 127, in import_module
    return _bootstrap._gcd_import(name[level:], package, level)
  File "<frozen importlib._bootstrap>", line 1030, in _gcd_import
  File "<frozen importlib._bootstrap>", line 1007, in _find_and_load
  File "<frozen importlib._bootstrap>", line 986, in _find_and_load_unlocked
  File "<frozen importlib._bootstrap>", line 680, in _load_unlocked
  File "<frozen importlib._bootstrap_external>", line 850, in exec_module
  File "<frozen importlib._bootstrap>", line 228, in _call_with_frames_removed
  File "/Users/apple/Workspace/anhdh.write/py-databackup/api.py", line 1, in <module>
    from quart import Quart, jsonify
  File "/Users/apple/Workspace/anhdh.write/py-databackup/py39/lib/python3.9/site-packages/quart/__init__.py", line 5, in <module>
    from .app import Quart as Quart
  File "/Users/apple/Workspace/anhdh.write/py-databackup/py39/lib/python3.9/site-packages/quart/app.py", line 45, in <module>
    from werkzeug.urls import url_quote
ImportError: cannot import name 'url_quote' from 'werkzeug.urls' (/Users/apple/Workspace/anhdh.write/py-databackup/py39/lib/python3.9/site-packages/werkzeug/urls.py)
Traceback (most recent call last):
  File "/Users/apple/Workspace/anhdh.write/py-databackup/py39/bin/hypercorn", line 8, in <module>
    sys.exit(main())
  File "/Users/apple/Workspace/anhdh.write/py-databackup/py39/lib/python3.9/site-packages/hypercorn/__main__.py", line 282, in main
    run(config)
  File "/Users/apple/Workspace/anhdh.write/py-databackup/py39/lib/python3.9/site-packages/hypercorn/run.py", line 36, in run
    worker_func(config)
  File "/Users/apple/Workspace/anhdh.write/py-databackup/py39/lib/python3.9/site-packages/hypercorn/asyncio/run.py", line 191, in asyncio_worker
    app = load_application(config.application_path)
  File "/Users/apple/Workspace/anhdh.write/py-databackup/py39/lib/python3.9/site-packages/hypercorn/utils.py", line 118, in load_application
    module = import_module(import_name)
  File "/opt/homebrew/Cellar/python@3.9/3.9.22/Frameworks/Python.framework/Versions/3.9/lib/python3.9/importlib/__init__.py", line 127, in import_module
    return _bootstrap._gcd_import(name[level:], package, level)
  File "<frozen importlib._bootstrap>", line 1030, in _gcd_import
  File "<frozen importlib._bootstrap>", line 1007, in _find_and_load
  File "<frozen importlib._bootstrap>", line 986, in _find_and_load_unlocked
  File "<frozen importlib._bootstrap>", line 680, in _load_unlocked
  File "<frozen importlib._bootstrap_external>", line 850, in exec_module
  File "<frozen importlib._bootstrap>", line 228, in _call_with_frames_removed
  File "/Users/apple/Workspace/anhdh.write/py-databackup/api.py", line 1, in <module>
    from quart import Quart, jsonify
  File "/Users/apple/Workspace/anhdh.write/py-databackup/py39/lib/python3.9/site-packages/quart/__init__.py", line 5, in <module>
    from .app import Quart as Quart
  File "/Users/apple/Workspace/anhdh.write/py-databackup/py39/lib/python3.9/site-packages/quart/app.py", line 45, in <module>
    from werkzeug.urls import url_quote
ImportError: cannot import name 'url_quote' from 'werkzeug.urls' (/Users/apple/Workspace/anhdh.write/py-databackup/py39/lib/python3.9/site-packages/werkzeug/urls.py)
Traceback (most recent call last):
  File "/Users/apple/Workspace/anhdh.write/py-databackup/py39/bin/hypercorn", line 8, in <module>
    sys.exit(main())
  File "/Users/apple/Workspace/anhdh.write/py-databackup/py39/lib/python3.9/site-packages/hypercorn/__main__.py", line 282, in main
    run(config)
  File "/Users/apple/Workspace/anhdh.write/py-databackup/py39/lib/python3.9/site-packages/hypercorn/run.py", line 36, in run
    worker_func(config)
  File "/Users/apple/Workspace/anhdh.write/py-databackup/py39/lib/python3.9/site-packages/hypercorn/asyncio/run.py", line 191, in asyncio_worker
    app = load_application(config.application_path)
  File "/Users/apple/Workspace/anhdh.write/py-databackup/py39/lib/python3.9/site-packages/hypercorn/utils.py", line 118, in load_application
    module = import_module(import_name)
  File "/opt/homebrew/Cellar/python@3.9/3.9.22/Frameworks/Python.framework/Versions/3.9/lib/python3.9/importlib/__init__.py", line 127, in import_module
    return _bootstrap._gcd_import(name[level:], package, level)
  File "<frozen importlib._bootstrap>", line 1030, in _gcd_import
  File "<frozen importlib._bootstrap>", line 1007, in _find_and_load
  File "<frozen importlib._bootstrap>", line 986, in _find_and_load_unlocked
  File "<frozen importlib._bootstrap>", line 680, in _load_unlocked
  File "<frozen importlib._bootstrap_external>", line 850, in exec_module
  File "<frozen importlib._bootstrap>", line 228, in _call_with_frames_removed
  File "/Users/apple/Workspace/anhdh.write/py-databackup/api.py", line 1, in <module>
    from quart import Quart, jsonify
  File "/Users/apple/Workspace/anhdh.write/py-databackup/py39/lib/python3.9/site-packages/quart/__init__.py", line 5, in <module>
    from .app import Quart as Quart
  File "/Users/apple/Workspace/anhdh.write/py-databackup/py39/lib/python3.9/site-packages/quart/app.py", line 45, in <module>
    from werkzeug.urls import url_quote
ImportError: cannot import name 'url_quote' from 'werkzeug.urls' (/Users/apple/Workspace/anhdh.write/py-databackup/py39/lib/python3.9/site-packages/werkzeug/urls.py)
Traceback (most recent call last):
  File "/Users/apple/Workspace/anhdh.write/py-databackup/py39/bin/hypercorn", line 8, in <module>
    sys.exit(main())
  File "/Users/apple/Workspace/anhdh.write/py-databackup/py39/lib/python3.9/site-packages/hypercorn/__main__.py", line 282, in main
    run(config)
  File "/Users/apple/Workspace/anhdh.write/py-databackup/py39/lib/python3.9/site-packages/hypercorn/run.py", line 36, in run
    worker_func(config)
  File "/Users/apple/Workspace/anhdh.write/py-databackup/py39/lib/python3.9/site-packages/hypercorn/asyncio/run.py", line 191, in asyncio_worker
    app = load_application(config.application_path)
  File "/Users/apple/Workspace/anhdh.write/py-databackup/py39/lib/python3.9/site-packages/hypercorn/utils.py", line 118, in load_application
    module = import_module(import_name)
  File "/opt/homebrew/Cellar/python@3.9/3.9.22/Frameworks/Python.framework/Versions/3.9/lib/python3.9/importlib/__init__.py", line 127, in import_module
    return _bootstrap._gcd_import(name[level:], package, level)
  File "<frozen importlib._bootstrap>", line 1030, in _gcd_import
  File "<frozen importlib._bootstrap>", line 1007, in _find_and_load
  File "<frozen importlib._bootstrap>", line 986, in _find_and_load_unlocked
  File "<frozen importlib._bootstrap>", line 680, in _load_unlocked
  File "<frozen importlib._bootstrap_external>", line 850, in exec_module
  File "<frozen importlib._bootstrap>", line 228, in _call_with_frames_removed
  File "/Users/apple/Workspace/anhdh.write/py-databackup/api.py", line 1, in <module>
    from quart import Quart, jsonify
  File "/Users/apple/Workspace/anhdh.write/py-databackup/py39/lib/python3.9/site-packages/quart/__init__.py", line 5, in <module>
    from .app import Quart as Quart
  File "/Users/apple/Workspace/anhdh.write/py-databackup/py39/lib/python3.9/site-packages/quart/app.py", line 45, in <module>
    from werkzeug.urls import url_quote
ImportError: cannot import name 'url_quote' from 'werkzeug.urls' (/Users/apple/Workspace/anhdh.write/py-databackup/py39/lib/python3.9/site-packages/werkzeug/urls.py)
Traceback (most recent call last):
  File "/Users/apple/Workspace/anhdh.write/py-databackup/py39/bin/hypercorn", line 8, in <module>
    sys.exit(main())
  File "/Users/apple/Workspace/anhdh.write/py-databackup/py39/lib/python3.9/site-packages/hypercorn/__main__.py", line 282, in main
    run(config)
  File "/Users/apple/Workspace/anhdh.write/py-databackup/py39/lib/python3.9/site-packages/hypercorn/run.py", line 36, in run
    worker_func(config)
  File "/Users/apple/Workspace/anhdh.write/py-databackup/py39/lib/python3.9/site-packages/hypercorn/asyncio/run.py", line 191, in asyncio_worker
    app = load_application(config.application_path)
  File "/Users/apple/Workspace/anhdh.write/py-databackup/py39/lib/python3.9/site-packages/hypercorn/utils.py", line 118, in load_application
    module = import_module(import_name)
  File "/opt/homebrew/Cellar/python@3.9/3.9.22/Frameworks/Python.framework/Versions/3.9/lib/python3.9/importlib/__init__.py", line 127, in import_module
    return _bootstrap._gcd_import(name[level:], package, level)
  File "<frozen importlib._bootstrap>", line 1030, in _gcd_import
  File "<frozen importlib._bootstrap>", line 1007, in _find_and_load
  File "<frozen importlib._bootstrap>", line 986, in _find_and_load_unlocked
  File "<frozen importlib._bootstrap>", line 680, in _load_unlocked
  File "<frozen importlib._bootstrap_external>", line 850, in exec_module
  File "<frozen importlib._bootstrap>", line 228, in _call_with_frames_removed
  File "/Users/apple/Workspace/anhdh.write/py-databackup/api.py", line 1, in <module>
    from quart import Quart, jsonify
  File "/Users/apple/Workspace/anhdh.write/py-databackup/py39/lib/python3.9/site-packages/quart/__init__.py", line 5, in <module>
    from .app import Quart as Quart
  File "/Users/apple/Workspace/anhdh.write/py-databackup/py39/lib/python3.9/site-packages/quart/app.py", line 45, in <module>
    from werkzeug.urls import url_quote
ImportError: cannot import name 'url_quote' from 'werkzeug.urls' (/Users/apple/Workspace/anhdh.write/py-databackup/py39/lib/python3.9/site-packages/werkzeug/urls.py)
Traceback (most recent call last):
  File "/Users/apple/Workspace/anhdh.write/py-databackup/py39/bin/hypercorn", line 8, in <module>
    sys.exit(main())
  File "/Users/apple/Workspace/anhdh.write/py-databackup/py39/lib/python3.9/site-packages/hypercorn/__main__.py", line 282, in main
    run(config)
  File "/Users/apple/Workspace/anhdh.write/py-databackup/py39/lib/python3.9/site-packages/hypercorn/run.py", line 36, in run
    worker_func(config)
  File "/Users/apple/Workspace/anhdh.write/py-databackup/py39/lib/python3.9/site-packages/hypercorn/asyncio/run.py", line 191, in asyncio_worker
    app = load_application(config.application_path)
  File "/Users/apple/Workspace/anhdh.write/py-databackup/py39/lib/python3.9/site-packages/hypercorn/utils.py", line 118, in load_application
    module = import_module(import_name)
  File "/opt/homebrew/Cellar/python@3.9/3.9.22/Frameworks/Python.framework/Versions/3.9/lib/python3.9/importlib/__init__.py", line 127, in import_module
    return _bootstrap._gcd_import(name[level:], package, level)
  File "<frozen importlib._bootstrap>", line 1030, in _gcd_import
  File "<frozen importlib._bootstrap>", line 1007, in _find_and_load
  File "<frozen importlib._bootstrap>", line 986, in _find_and_load_unlocked
  File "<frozen importlib._bootstrap>", line 680, in _load_unlocked
  File "<frozen importlib._bootstrap_external>", line 850, in exec_module
  File "<frozen importlib._bootstrap>", line 228, in _call_with_frames_removed
  File "/Users/apple/Workspace/anhdh.write/py-databackup/api.py", line 1, in <module>
    from quart import Quart, jsonify
  File "/Users/apple/Workspace/anhdh.write/py-databackup/py39/lib/python3.9/site-packages/quart/__init__.py", line 5, in <module>
    from .app import Quart as Quart
  File "/Users/apple/Workspace/anhdh.write/py-databackup/py39/lib/python3.9/site-packages/quart/app.py", line 45, in <module>
    from werkzeug.urls import url_quote
ImportError: cannot import name 'url_quote' from 'werkzeug.urls' (/Users/apple/Workspace/anhdh.write/py-databackup/py39/lib/python3.9/site-packages/werkzeug/urls.py)
Traceback (most recent call last):
  File "/Users/apple/Workspace/anhdh.write/py-databackup/py39/bin/hypercorn", line 8, in <module>
    sys.exit(main())
  File "/Users/apple/Workspace/anhdh.write/py-databackup/py39/lib/python3.9/site-packages/hypercorn/__main__.py", line 282, in main
    run(config)
  File "/Users/apple/Workspace/anhdh.write/py-databackup/py39/lib/python3.9/site-packages/hypercorn/run.py", line 36, in run
    worker_func(config)
  File "/Users/apple/Workspace/anhdh.write/py-databackup/py39/lib/python3.9/site-packages/hypercorn/asyncio/run.py", line 191, in asyncio_worker
    app = load_application(config.application_path)
  File "/Users/apple/Workspace/anhdh.write/py-databackup/py39/lib/python3.9/site-packages/hypercorn/utils.py", line 118, in load_application
    module = import_module(import_name)
  File "/opt/homebrew/Cellar/python@3.9/3.9.22/Frameworks/Python.framework/Versions/3.9/lib/python3.9/importlib/__init__.py", line 127, in import_module
    return _bootstrap._gcd_import(name[level:], package, level)
  File "<frozen importlib._bootstrap>", line 1030, in _gcd_import
  File "<frozen importlib._bootstrap>", line 1007, in _find_and_load
  File "<frozen importlib._bootstrap>", line 986, in _find_and_load_unlocked
  File "<frozen importlib._bootstrap>", line 680, in _load_unlocked
  File "<frozen importlib._bootstrap_external>", line 850, in exec_module
  File "<frozen importlib._bootstrap>", line 228, in _call_with_frames_removed
  File "/Users/apple/Workspace/anhdh.write/py-databackup/api.py", line 1, in <module>
    from quart import Quart, jsonify
  File "/Users/apple/Workspace/anhdh.write/py-databackup/py39/lib/python3.9/site-packages/quart/__init__.py", line 5, in <module>
    from .app import Quart as Quart
  File "/Users/apple/Workspace/anhdh.write/py-databackup/py39/lib/python3.9/site-packages/quart/app.py", line 45, in <module>
    from werkzeug.urls import url_quote
ImportError: cannot import name 'url_quote' from 'werkzeug.urls' (/Users/apple/Workspace/anhdh.write/py-databackup/py39/lib/python3.9/site-packages/werkzeug/urls.py)
Traceback (most recent call last):
  File "/Users/apple/Workspace/anhdh.write/py-databackup/py39/bin/hypercorn", line 8, in <module>
    sys.exit(main())
  File "/Users/apple/Workspace/anhdh.write/py-databackup/py39/lib/python3.9/site-packages/hypercorn/__main__.py", line 282, in main
    run(config)
  File "/Users/apple/Workspace/anhdh.write/py-databackup/py39/lib/python3.9/site-packages/hypercorn/run.py", line 36, in run
    worker_func(config)
  File "/Users/apple/Workspace/anhdh.write/py-databackup/py39/lib/python3.9/site-packages/hypercorn/asyncio/run.py", line 191, in asyncio_worker
    app = load_application(config.application_path)
  File "/Users/apple/Workspace/anhdh.write/py-databackup/py39/lib/python3.9/site-packages/hypercorn/utils.py", line 118, in load_application
    module = import_module(import_name)
  File "/opt/homebrew/Cellar/python@3.9/3.9.22/Frameworks/Python.framework/Versions/3.9/lib/python3.9/importlib/__init__.py", line 127, in import_module
    return _bootstrap._gcd_import(name[level:], package, level)
  File "<frozen importlib._bootstrap>", line 1030, in _gcd_import
  File "<frozen importlib._bootstrap>", line 1007, in _find_and_load
  File "<frozen importlib._bootstrap>", line 986, in _find_and_load_unlocked
  File "<frozen importlib._bootstrap>", line 680, in _load_unlocked
  File "<frozen importlib._bootstrap_external>", line 850, in exec_module
  File "<frozen importlib._bootstrap>", line 228, in _call_with_frames_removed
  File "/Users/apple/Workspace/anhdh.write/py-databackup/api.py", line 1, in <module>
    from quart import Quart, jsonify
  File "/Users/apple/Workspace/anhdh.write/py-databackup/py39/lib/python3.9/site-packages/quart/__init__.py", line 5, in <module>
    from .app import Quart as Quart
  File "/Users/apple/Workspace/anhdh.write/py-databackup/py39/lib/python3.9/site-packages/quart/app.py", line 45, in <module>
    from werkzeug.urls import url_quote
ImportError: cannot import name 'url_quote' from 'werkzeug.urls' (/Users/apple/Workspace/anhdh.write/py-databackup/py39/lib/python3.9/site-packages/werkzeug/urls.py)
Traceback (most recent call last):
  File "/Users/apple/Workspace/anhdh.write/py-databackup/py39/bin/hypercorn", line 8, in <module>
    sys.exit(main())
  File "/Users/apple/Workspace/anhdh.write/py-databackup/py39/lib/python3.9/site-packages/hypercorn/__main__.py", line 282, in main
    run(config)
  File "/Users/apple/Workspace/anhdh.write/py-databackup/py39/lib/python3.9/site-packages/hypercorn/run.py", line 36, in run
    worker_func(config)
  File "/Users/apple/Workspace/anhdh.write/py-databackup/py39/lib/python3.9/site-packages/hypercorn/asyncio/run.py", line 191, in asyncio_worker
    app = load_application(config.application_path)
  File "/Users/apple/Workspace/anhdh.write/py-databackup/py39/lib/python3.9/site-packages/hypercorn/utils.py", line 118, in load_application
    module = import_module(import_name)
  File "/opt/homebrew/Cellar/python@3.9/3.9.22/Frameworks/Python.framework/Versions/3.9/lib/python3.9/importlib/__init__.py", line 127, in import_module
    return _bootstrap._gcd_import(name[level:], package, level)
  File "<frozen importlib._bootstrap>", line 1030, in _gcd_import
  File "<frozen importlib._bootstrap>", line 1007, in _find_and_load
  File "<frozen importlib._bootstrap>", line 986, in _find_and_load_unlocked
  File "<frozen importlib._bootstrap>", line 680, in _load_unlocked
  File "<frozen importlib._bootstrap_external>", line 850, in exec_module
  File "<frozen importlib._bootstrap>", line 228, in _call_with_frames_removed
  File "/Users/apple/Workspace/anhdh.write/py-databackup/api.py", line 1, in <module>
    from quart import Quart, jsonify
  File "/Users/apple/Workspace/anhdh.write/py-databackup/py39/lib/python3.9/site-packages/quart/__init__.py", line 5, in <module>
    from .app import Quart as Quart
  File "/Users/apple/Workspace/anhdh.write/py-databackup/py39/lib/python3.9/site-packages/quart/app.py", line 45, in <module>
    from werkzeug.urls import url_quote
ImportError: cannot import name 'url_quote' from 'werkzeug.urls' (/Users/apple/Workspace/anhdh.write/py-databackup/py39/lib/python3.9/site-packages/werkzeug/urls.py)
Traceback (most recent call last):
  File "/Users/apple/Workspace/anhdh.write/py-databackup/py39/bin/hypercorn", line 8, in <module>
    sys.exit(main())
  File "/Users/apple/Workspace/anhdh.write/py-databackup/py39/lib/python3.9/site-packages/hypercorn/__main__.py", line 282, in main
    run(config)
  File "/Users/apple/Workspace/anhdh.write/py-databackup/py39/lib/python3.9/site-packages/hypercorn/run.py", line 36, in run
    worker_func(config)
  File "/Users/apple/Workspace/anhdh.write/py-databackup/py39/lib/python3.9/site-packages/hypercorn/asyncio/run.py", line 191, in asyncio_worker
    app = load_application(config.application_path)
  File "/Users/apple/Workspace/anhdh.write/py-databackup/py39/lib/python3.9/site-packages/hypercorn/utils.py", line 118, in load_application
    module = import_module(import_name)
  File "/opt/homebrew/Cellar/python@3.9/3.9.22/Frameworks/Python.framework/Versions/3.9/lib/python3.9/importlib/__init__.py", line 127, in import_module
    return _bootstrap._gcd_import(name[level:], package, level)
  File "<frozen importlib._bootstrap>", line 1030, in _gcd_import
  File "<frozen importlib._bootstrap>", line 1007, in _find_and_load
  File "<frozen importlib._bootstrap>", line 986, in _find_and_load_unlocked
  File "<frozen importlib._bootstrap>", line 680, in _load_unlocked
  File "<frozen importlib._bootstrap_external>", line 850, in exec_module
  File "<frozen importlib._bootstrap>", line 228, in _call_with_frames_removed
  File "/Users/apple/Workspace/anhdh.write/py-databackup/api.py", line 1, in <module>
    from quart import Quart, jsonify
  File "/Users/apple/Workspace/anhdh.write/py-databackup/py39/lib/python3.9/site-packages/quart/__init__.py", line 5, in <module>
    from .app import Quart as Quart
  File "/Users/apple/Workspace/anhdh.write/py-databackup/py39/lib/python3.9/site-packages/quart/app.py", line 45, in <module>
    from werkzeug.urls import url_quote
ImportError: cannot import name 'url_quote' from 'werkzeug.urls' (/Users/apple/Workspace/anhdh.write/py-databackup/py39/lib/python3.9/site-packages/werkzeug/urls.py)
Traceback (most recent call last):
  File "/opt/homebrew/Cellar/python@3.9/3.9.22/Frameworks/Python.framework/Versions/3.9/lib/python3.9/runpy.py", line 197, in _run_module_as_main
    return _run_code(code, main_globals, None,
  File "/opt/homebrew/Cellar/python@3.9/3.9.22/Frameworks/Python.framework/Versions/3.9/lib/python3.9/runpy.py", line 87, in _run_code
    exec(code, run_globals)
  File "/Users/apple/Workspace/anhdh.write/py-databackup/py39/lib/python3.9/site-packages/hypercorn/__main__.py", line 286, in <module>
    main()
  File "/Users/apple/Workspace/anhdh.write/py-databackup/py39/lib/python3.9/site-packages/hypercorn/__main__.py", line 282, in main
    run(config)
  File "/Users/apple/Workspace/anhdh.write/py-databackup/py39/lib/python3.9/site-packages/hypercorn/run.py", line 36, in run
    worker_func(config)
  File "/Users/apple/Workspace/anhdh.write/py-databackup/py39/lib/python3.9/site-packages/hypercorn/asyncio/run.py", line 191, in asyncio_worker
    app = load_application(config.application_path)
  File "/Users/apple/Workspace/anhdh.write/py-databackup/py39/lib/python3.9/site-packages/hypercorn/utils.py", line 118, in load_application
    module = import_module(import_name)
  File "/opt/homebrew/Cellar/python@3.9/3.9.22/Frameworks/Python.framework/Versions/3.9/lib/python3.9/importlib/__init__.py", line 127, in import_module
    return _bootstrap._gcd_import(name[level:], package, level)
  File "<frozen importlib._bootstrap>", line 1030, in _gcd_import
  File "<frozen importlib._bootstrap>", line 1007, in _find_and_load
  File "<frozen importlib._bootstrap>", line 986, in _find_and_load_unlocked
  File "<frozen importlib._bootstrap>", line 680, in _load_unlocked
  File "<frozen importlib._bootstrap_external>", line 850, in exec_module
  File "<frozen importlib._bootstrap>", line 228, in _call_with_frames_removed
  File "/Users/apple/Workspace/anhdh.write/py-databackup/api.py", line 1, in <module>
    from quart import Quart, jsonify
  File "/Users/apple/Workspace/anhdh.write/py-databackup/py39/lib/python3.9/site-packages/quart/__init__.py", line 5, in <module>
    from .app import Quart as Quart
  File "/Users/apple/Workspace/anhdh.write/py-databackup/py39/lib/python3.9/site-packages/quart/app.py", line 45, in <module>
    from werkzeug.urls import url_quote
ImportError: cannot import name 'url_quote' from 'werkzeug.urls' (/Users/apple/Workspace/anhdh.write/py-databackup/py39/lib/python3.9/site-packages/werkzeug/urls.py)
Traceback (most recent call last):
  File "/opt/homebrew/Cellar/python@3.9/3.9.22/Frameworks/Python.framework/Versions/3.9/lib/python3.9/runpy.py", line 197, in _run_module_as_main
    return _run_code(code, main_globals, None,
  File "/opt/homebrew/Cellar/python@3.9/3.9.22/Frameworks/Python.framework/Versions/3.9/lib/python3.9/runpy.py", line 87, in _run_code
    exec(code, run_globals)
  File "/Users/apple/Workspace/anhdh.write/py-databackup/py39/lib/python3.9/site-packages/hypercorn/__main__.py", line 286, in <module>
    main()
  File "/Users/apple/Workspace/anhdh.write/py-databackup/py39/lib/python3.9/site-packages/hypercorn/__main__.py", line 282, in main
    run(config)
  File "/Users/apple/Workspace/anhdh.write/py-databackup/py39/lib/python3.9/site-packages/hypercorn/run.py", line 36, in run
    worker_func(config)
  File "/Users/apple/Workspace/anhdh.write/py-databackup/py39/lib/python3.9/site-packages/hypercorn/asyncio/run.py", line 191, in asyncio_worker
    app = load_application(config.application_path)
  File "/Users/apple/Workspace/anhdh.write/py-databackup/py39/lib/python3.9/site-packages/hypercorn/utils.py", line 118, in load_application
    module = import_module(import_name)
  File "/opt/homebrew/Cellar/python@3.9/3.9.22/Frameworks/Python.framework/Versions/3.9/lib/python3.9/importlib/__init__.py", line 127, in import_module
    return _bootstrap._gcd_import(name[level:], package, level)
  File "<frozen importlib._bootstrap>", line 1030, in _gcd_import
  File "<frozen importlib._bootstrap>", line 1007, in _find_and_load
  File "<frozen importlib._bootstrap>", line 986, in _find_and_load_unlocked
  File "<frozen importlib._bootstrap>", line 680, in _load_unlocked
  File "<frozen importlib._bootstrap_external>", line 850, in exec_module
  File "<frozen importlib._bootstrap>", line 228, in _call_with_frames_removed
  File "/Users/apple/Workspace/anhdh.write/py-databackup/api.py", line 1, in <module>
    from quart import Quart, jsonify
  File "/Users/apple/Workspace/anhdh.write/py-databackup/py39/lib/python3.9/site-packages/quart/__init__.py", line 5, in <module>
    from .app import Quart as Quart
  File "/Users/apple/Workspace/anhdh.write/py-databackup/py39/lib/python3.9/site-packages/quart/app.py", line 45, in <module>
    from werkzeug.urls import url_quote
ImportError: cannot import name 'url_quote' from 'werkzeug.urls' (/Users/apple/Workspace/anhdh.write/py-databackup/py39/lib/python3.9/site-packages/werkzeug/urls.py)
Traceback (most recent call last):
  File "/opt/homebrew/Cellar/python@3.9/3.9.22/Frameworks/Python.framework/Versions/3.9/lib/python3.9/runpy.py", line 197, in _run_module_as_main
    return _run_code(code, main_globals, None,
  File "/opt/homebrew/Cellar/python@3.9/3.9.22/Frameworks/Python.framework/Versions/3.9/lib/python3.9/runpy.py", line 87, in _run_code
    exec(code, run_globals)
  File "/Users/apple/Workspace/anhdh.write/py-databackup/py39/lib/python3.9/site-packages/hypercorn/__main__.py", line 286, in <module>
    main()
  File "/Users/apple/Workspace/anhdh.write/py-databackup/py39/lib/python3.9/site-packages/hypercorn/__main__.py", line 282, in main
    run(config)
  File "/Users/apple/Workspace/anhdh.write/py-databackup/py39/lib/python3.9/site-packages/hypercorn/run.py", line 36, in run
    worker_func(config)
  File "/Users/apple/Workspace/anhdh.write/py-databackup/py39/lib/python3.9/site-packages/hypercorn/asyncio/run.py", line 191, in asyncio_worker
    app = load_application(config.application_path)
  File "/Users/apple/Workspace/anhdh.write/py-databackup/py39/lib/python3.9/site-packages/hypercorn/utils.py", line 118, in load_application
    module = import_module(import_name)
  File "/opt/homebrew/Cellar/python@3.9/3.9.22/Frameworks/Python.framework/Versions/3.9/lib/python3.9/importlib/__init__.py", line 127, in import_module
    return _bootstrap._gcd_import(name[level:], package, level)
  File "<frozen importlib._bootstrap>", line 1030, in _gcd_import
  File "<frozen importlib._bootstrap>", line 1007, in _find_and_load
  File "<frozen importlib._bootstrap>", line 986, in _find_and_load_unlocked
  File "<frozen importlib._bootstrap>", line 680, in _load_unlocked
  File "<frozen importlib._bootstrap_external>", line 850, in exec_module
  File "<frozen importlib._bootstrap>", line 228, in _call_with_frames_removed
  File "/Users/apple/Workspace/anhdh.write/py-databackup/api.py", line 1, in <module>
    from quart import Quart, jsonify
  File "/Users/apple/Workspace/anhdh.write/py-databackup/py39/lib/python3.9/site-packages/quart/__init__.py", line 5, in <module>
    from .app import Quart as Quart
  File "/Users/apple/Workspace/anhdh.write/py-databackup/py39/lib/python3.9/site-packages/quart/app.py", line 45, in <module>
    from werkzeug.urls import url_quote
ImportError: cannot import name 'url_quote' from 'werkzeug.urls' (/Users/apple/Workspace/anhdh.write/py-databackup/py39/lib/python3.9/site-packages/werkzeug/urls.py)
Traceback (most recent call last):
  File "/opt/homebrew/Cellar/python@3.9/3.9.22/Frameworks/Python.framework/Versions/3.9/lib/python3.9/runpy.py", line 197, in _run_module_as_main
    return _run_code(code, main_globals, None,
  File "/opt/homebrew/Cellar/python@3.9/3.9.22/Frameworks/Python.framework/Versions/3.9/lib/python3.9/runpy.py", line 87, in _run_code
    exec(code, run_globals)
  File "/Users/apple/Workspace/anhdh.write/py-databackup/py39/lib/python3.9/site-packages/hypercorn/__main__.py", line 286, in <module>
    main()
  File "/Users/apple/Workspace/anhdh.write/py-databackup/py39/lib/python3.9/site-packages/hypercorn/__main__.py", line 282, in main
    run(config)
  File "/Users/apple/Workspace/anhdh.write/py-databackup/py39/lib/python3.9/site-packages/hypercorn/run.py", line 36, in run
    worker_func(config)
  File "/Users/apple/Workspace/anhdh.write/py-databackup/py39/lib/python3.9/site-packages/hypercorn/asyncio/run.py", line 191, in asyncio_worker
    app = load_application(config.application_path)
  File "/Users/apple/Workspace/anhdh.write/py-databackup/py39/lib/python3.9/site-packages/hypercorn/utils.py", line 118, in load_application
    module = import_module(import_name)
  File "/opt/homebrew/Cellar/python@3.9/3.9.22/Frameworks/Python.framework/Versions/3.9/lib/python3.9/importlib/__init__.py", line 127, in import_module
    return _bootstrap._gcd_import(name[level:], package, level)
  File "<frozen importlib._bootstrap>", line 1030, in _gcd_import
  File "<frozen importlib._bootstrap>", line 1007, in _find_and_load
  File "<frozen importlib._bootstrap>", line 986, in _find_and_load_unlocked
  File "<frozen importlib._bootstrap>", line 680, in _load_unlocked
  File "<frozen importlib._bootstrap_external>", line 850, in exec_module
  File "<frozen importlib._bootstrap>", line 228, in _call_with_frames_removed
  File "/Users/apple/Workspace/anhdh.write/py-databackup/api.py", line 1, in <module>
    from quart import Quart, jsonify
  File "/Users/apple/Workspace/anhdh.write/py-databackup/py39/lib/python3.9/site-packages/quart/__init__.py", line 5, in <module>
    from .app import Quart as Quart
  File "/Users/apple/Workspace/anhdh.write/py-databackup/py39/lib/python3.9/site-packages/quart/app.py", line 45, in <module>
    from werkzeug.urls import url_quote
ImportError: cannot import name 'url_quote' from 'werkzeug.urls' (/Users/apple/Workspace/anhdh.write/py-databackup/py39/lib/python3.9/site-packages/werkzeug/urls.py)
Traceback (most recent call last):
  File "/opt/homebrew/Cellar/python@3.9/3.9.22/Frameworks/Python.framework/Versions/3.9/lib/python3.9/runpy.py", line 197, in _run_module_as_main
    return _run_code(code, main_globals, None,
  File "/opt/homebrew/Cellar/python@3.9/3.9.22/Frameworks/Python.framework/Versions/3.9/lib/python3.9/runpy.py", line 87, in _run_code
    exec(code, run_globals)
  File "/Users/apple/Workspace/anhdh.write/py-databackup/py39/lib/python3.9/site-packages/hypercorn/__main__.py", line 286, in <module>
    main()
  File "/Users/apple/Workspace/anhdh.write/py-databackup/py39/lib/python3.9/site-packages/hypercorn/__main__.py", line 282, in main
    run(config)
  File "/Users/apple/Workspace/anhdh.write/py-databackup/py39/lib/python3.9/site-packages/hypercorn/run.py", line 36, in run
    worker_func(config)
  File "/Users/apple/Workspace/anhdh.write/py-databackup/py39/lib/python3.9/site-packages/hypercorn/asyncio/run.py", line 191, in asyncio_worker
    app = load_application(config.application_path)
  File "/Users/apple/Workspace/anhdh.write/py-databackup/py39/lib/python3.9/site-packages/hypercorn/utils.py", line 118, in load_application
    module = import_module(import_name)
  File "/opt/homebrew/Cellar/python@3.9/3.9.22/Frameworks/Python.framework/Versions/3.9/lib/python3.9/importlib/__init__.py", line 127, in import_module
    return _bootstrap._gcd_import(name[level:], package, level)
  File "<frozen importlib._bootstrap>", line 1030, in _gcd_import
  File "<frozen importlib._bootstrap>", line 1007, in _find_and_load
  File "<frozen importlib._bootstrap>", line 986, in _find_and_load_unlocked
  File "<frozen importlib._bootstrap>", line 680, in _load_unlocked
  File "<frozen importlib._bootstrap_external>", line 850, in exec_module
  File "<frozen importlib._bootstrap>", line 228, in _call_with_frames_removed
  File "/Users/apple/Workspace/anhdh.write/py-databackup/api.py", line 1, in <module>
    from quart import Quart, jsonify
  File "/Users/apple/Workspace/anhdh.write/py-databackup/py39/lib/python3.9/site-packages/quart/__init__.py", line 5, in <module>
    from .app import Quart as Quart
  File "/Users/apple/Workspace/anhdh.write/py-databackup/py39/lib/python3.9/site-packages/quart/app.py", line 45, in <module>
    from werkzeug.urls import url_quote
ImportError: cannot import name 'url_quote' from 'werkzeug.urls' (/Users/apple/Workspace/anhdh.write/py-databackup/py39/lib/python3.9/site-packages/werkzeug/urls.py)
Traceback (most recent call last):
  File "/opt/homebrew/Cellar/python@3.9/3.9.22/Frameworks/Python.framework/Versions/3.9/lib/python3.9/runpy.py", line 197, in _run_module_as_main
    return _run_code(code, main_globals, None,
  File "/opt/homebrew/Cellar/python@3.9/3.9.22/Frameworks/Python.framework/Versions/3.9/lib/python3.9/runpy.py", line 87, in _run_code
    exec(code, run_globals)
  File "/Users/apple/Workspace/anhdh.write/py-databackup/py39/lib/python3.9/site-packages/hypercorn/__main__.py", line 286, in <module>
    main()
  File "/Users/apple/Workspace/anhdh.write/py-databackup/py39/lib/python3.9/site-packages/hypercorn/__main__.py", line 282, in main
    run(config)
  File "/Users/apple/Workspace/anhdh.write/py-databackup/py39/lib/python3.9/site-packages/hypercorn/run.py", line 36, in run
    worker_func(config)
  File "/Users/apple/Workspace/anhdh.write/py-databackup/py39/lib/python3.9/site-packages/hypercorn/asyncio/run.py", line 191, in asyncio_worker
    app = load_application(config.application_path)
  File "/Users/apple/Workspace/anhdh.write/py-databackup/py39/lib/python3.9/site-packages/hypercorn/utils.py", line 118, in load_application
    module = import_module(import_name)
  File "/opt/homebrew/Cellar/python@3.9/3.9.22/Frameworks/Python.framework/Versions/3.9/lib/python3.9/importlib/__init__.py", line 127, in import_module
    return _bootstrap._gcd_import(name[level:], package, level)
  File "<frozen importlib._bootstrap>", line 1030, in _gcd_import
  File "<frozen importlib._bootstrap>", line 1007, in _find_and_load
  File "<frozen importlib._bootstrap>", line 986, in _find_and_load_unlocked
  File "<frozen importlib._bootstrap>", line 680, in _load_unlocked
  File "<frozen importlib._bootstrap_external>", line 850, in exec_module
  File "<frozen importlib._bootstrap>", line 228, in _call_with_frames_removed
  File "/Users/apple/Workspace/anhdh.write/py-databackup/api.py", line 1, in <module>
    from quart import Quart, jsonify
  File "/Users/apple/Workspace/anhdh.write/py-databackup/py39/lib/python3.9/site-packages/quart/__init__.py", line 5, in <module>
    from .app import Quart as Quart
  File "/Users/apple/Workspace/anhdh.write/py-databackup/py39/lib/python3.9/site-packages/quart/app.py", line 45, in <module>
    from werkzeug.urls import url_quote
ImportError: cannot import name 'url_quote' from 'werkzeug.urls' (/Users/apple/Workspace/anhdh.write/py-databackup/py39/lib/python3.9/site-packages/werkzeug/urls.py)
Traceback (most recent call last):
  File "/opt/homebrew/Cellar/python@3.9/3.9.22/Frameworks/Python.framework/Versions/3.9/lib/python3.9/runpy.py", line 197, in _run_module_as_main
    return _run_code(code, main_globals, None,
  File "/opt/homebrew/Cellar/python@3.9/3.9.22/Frameworks/Python.framework/Versions/3.9/lib/python3.9/runpy.py", line 87, in _run_code
    exec(code, run_globals)
  File "/Users/apple/Workspace/anhdh.write/py-databackup/py39/lib/python3.9/site-packages/hypercorn/__main__.py", line 286, in <module>
    main()
  File "/Users/apple/Workspace/anhdh.write/py-databackup/py39/lib/python3.9/site-packages/hypercorn/__main__.py", line 282, in main
    run(config)
  File "/Users/apple/Workspace/anhdh.write/py-databackup/py39/lib/python3.9/site-packages/hypercorn/run.py", line 36, in run
    worker_func(config)
  File "/Users/apple/Workspace/anhdh.write/py-databackup/py39/lib/python3.9/site-packages/hypercorn/asyncio/run.py", line 191, in asyncio_worker
    app = load_application(config.application_path)
  File "/Users/apple/Workspace/anhdh.write/py-databackup/py39/lib/python3.9/site-packages/hypercorn/utils.py", line 118, in load_application
    module = import_module(import_name)
  File "/opt/homebrew/Cellar/python@3.9/3.9.22/Frameworks/Python.framework/Versions/3.9/lib/python3.9/importlib/__init__.py", line 127, in import_module
    return _bootstrap._gcd_import(name[level:], package, level)
  File "<frozen importlib._bootstrap>", line 1030, in _gcd_import
  File "<frozen importlib._bootstrap>", line 1007, in _find_and_load
  File "<frozen importlib._bootstrap>", line 986, in _find_and_load_unlocked
  File "<frozen importlib._bootstrap>", line 680, in _load_unlocked
  File "<frozen importlib._bootstrap_external>", line 850, in exec_module
  File "<frozen importlib._bootstrap>", line 228, in _call_with_frames_removed
  File "/Users/apple/Workspace/anhdh.write/py-databackup/api.py", line 1, in <module>
    from quart import Quart, jsonify
  File "/Users/apple/Workspace/anhdh.write/py-databackup/py39/lib/python3.9/site-packages/quart/__init__.py", line 5, in <module>
    from .app import Quart as Quart
  File "/Users/apple/Workspace/anhdh.write/py-databackup/py39/lib/python3.9/site-packages/quart/app.py", line 45, in <module>
    from werkzeug.urls import url_quote
ImportError: cannot import name 'url_quote' from 'werkzeug.urls' (/Users/apple/Workspace/anhdh.write/py-databackup/py39/lib/python3.9/site-packages/werkzeug/urls.py)
Traceback (most recent call last):
  File "/opt/homebrew/Cellar/python@3.9/3.9.22/Frameworks/Python.framework/Versions/3.9/lib/python3.9/runpy.py", line 197, in _run_module_as_main
    return _run_code(code, main_globals, None,
  File "/opt/homebrew/Cellar/python@3.9/3.9.22/Frameworks/Python.framework/Versions/3.9/lib/python3.9/runpy.py", line 87, in _run_code
    exec(code, run_globals)
  File "/Users/apple/Workspace/anhdh.write/py-databackup/py39/lib/python3.9/site-packages/hypercorn/__main__.py", line 286, in <module>
    main()
  File "/Users/apple/Workspace/anhdh.write/py-databackup/py39/lib/python3.9/site-packages/hypercorn/__main__.py", line 282, in main
    run(config)
  File "/Users/apple/Workspace/anhdh.write/py-databackup/py39/lib/python3.9/site-packages/hypercorn/run.py", line 36, in run
    worker_func(config)
  File "/Users/apple/Workspace/anhdh.write/py-databackup/py39/lib/python3.9/site-packages/hypercorn/asyncio/run.py", line 191, in asyncio_worker
    app = load_application(config.application_path)
  File "/Users/apple/Workspace/anhdh.write/py-databackup/py39/lib/python3.9/site-packages/hypercorn/utils.py", line 118, in load_application
    module = import_module(import_name)
  File "/opt/homebrew/Cellar/python@3.9/3.9.22/Frameworks/Python.framework/Versions/3.9/lib/python3.9/importlib/__init__.py", line 127, in import_module
    return _bootstrap._gcd_import(name[level:], package, level)
  File "<frozen importlib._bootstrap>", line 1030, in _gcd_import
  File "<frozen importlib._bootstrap>", line 1007, in _find_and_load
  File "<frozen importlib._bootstrap>", line 986, in _find_and_load_unlocked
  File "<frozen importlib._bootstrap>", line 680, in _load_unlocked
  File "<frozen importlib._bootstrap_external>", line 850, in exec_module
  File "<frozen importlib._bootstrap>", line 228, in _call_with_frames_removed
  File "/Users/apple/Workspace/anhdh.write/py-databackup/api.py", line 1, in <module>
    from quart import Quart, jsonify
  File "/Users/apple/Workspace/anhdh.write/py-databackup/py39/lib/python3.9/site-packages/quart/__init__.py", line 5, in <module>
    from .app import Quart as Quart
  File "/Users/apple/Workspace/anhdh.write/py-databackup/py39/lib/python3.9/site-packages/quart/app.py", line 45, in <module>
    from werkzeug.urls import url_quote
ImportError: cannot import name 'url_quote' from 'werkzeug.urls' (/Users/apple/Workspace/anhdh.write/py-databackup/py39/lib/python3.9/site-packages/werkzeug/urls.py)
Traceback (most recent call last):
  File "/opt/homebrew/Cellar/python@3.9/3.9.22/Frameworks/Python.framework/Versions/3.9/lib/python3.9/runpy.py", line 197, in _run_module_as_main
    return _run_code(code, main_globals, None,
  File "/opt/homebrew/Cellar/python@3.9/3.9.22/Frameworks/Python.framework/Versions/3.9/lib/python3.9/runpy.py", line 87, in _run_code
    exec(code, run_globals)
  File "/Users/apple/Workspace/anhdh.write/py-databackup/py39/lib/python3.9/site-packages/hypercorn/__main__.py", line 286, in <module>
    main()
  File "/Users/apple/Workspace/anhdh.write/py-databackup/py39/lib/python3.9/site-packages/hypercorn/__main__.py", line 282, in main
    run(config)
  File "/Users/apple/Workspace/anhdh.write/py-databackup/py39/lib/python3.9/site-packages/hypercorn/run.py", line 36, in run
    worker_func(config)
  File "/Users/apple/Workspace/anhdh.write/py-databackup/py39/lib/python3.9/site-packages/hypercorn/asyncio/run.py", line 191, in asyncio_worker
    app = load_application(config.application_path)
  File "/Users/apple/Workspace/anhdh.write/py-databackup/py39/lib/python3.9/site-packages/hypercorn/utils.py", line 118, in load_application
    module = import_module(import_name)
  File "/opt/homebrew/Cellar/python@3.9/3.9.22/Frameworks/Python.framework/Versions/3.9/lib/python3.9/importlib/__init__.py", line 127, in import_module
    return _bootstrap._gcd_import(name[level:], package, level)
  File "<frozen importlib._bootstrap>", line 1030, in _gcd_import
  File "<frozen importlib._bootstrap>", line 1007, in _find_and_load
  File "<frozen importlib._bootstrap>", line 986, in _find_and_load_unlocked
  File "<frozen importlib._bootstrap>", line 680, in _load_unlocked
  File "<frozen importlib._bootstrap_external>", line 850, in exec_module
  File "<frozen importlib._bootstrap>", line 228, in _call_with_frames_removed
  File "/Users/apple/Workspace/anhdh.write/py-databackup/api.py", line 1, in <module>
    from quart import Quart, jsonify
  File "/Users/apple/Workspace/anhdh.write/py-databackup/py39/lib/python3.9/site-packages/quart/__init__.py", line 5, in <module>
    from .app import Quart as Quart
  File "/Users/apple/Workspace/anhdh.write/py-databackup/py39/lib/python3.9/site-packages/quart/app.py", line 45, in <module>
    from werkzeug.urls import url_quote
ImportError: cannot import name 'url_quote' from 'werkzeug.urls' (/Users/apple/Workspace/anhdh.write/py-databackup/py39/lib/python3.9/site-packages/werkzeug/urls.py)
Traceback (most recent call last):
  File "/opt/homebrew/Cellar/python@3.9/3.9.22/Frameworks/Python.framework/Versions/3.9/lib/python3.9/runpy.py", line 197, in _run_module_as_main
    return _run_code(code, main_globals, None,
  File "/opt/homebrew/Cellar/python@3.9/3.9.22/Frameworks/Python.framework/Versions/3.9/lib/python3.9/runpy.py", line 87, in _run_code
    exec(code, run_globals)
  File "/Users/apple/Workspace/anhdh.write/py-databackup/py39/lib/python3.9/site-packages/hypercorn/__main__.py", line 286, in <module>
    main()
  File "/Users/apple/Workspace/anhdh.write/py-databackup/py39/lib/python3.9/site-packages/hypercorn/__main__.py", line 282, in main
    run(config)
  File "/Users/apple/Workspace/anhdh.write/py-databackup/py39/lib/python3.9/site-packages/hypercorn/run.py", line 36, in run
    worker_func(config)
  File "/Users/apple/Workspace/anhdh.write/py-databackup/py39/lib/python3.9/site-packages/hypercorn/asyncio/run.py", line 191, in asyncio_worker
    app = load_application(config.application_path)
  File "/Users/apple/Workspace/anhdh.write/py-databackup/py39/lib/python3.9/site-packages/hypercorn/utils.py", line 118, in load_application
    module = import_module(import_name)
  File "/opt/homebrew/Cellar/python@3.9/3.9.22/Frameworks/Python.framework/Versions/3.9/lib/python3.9/importlib/__init__.py", line 127, in import_module
    return _bootstrap._gcd_import(name[level:], package, level)
  File "<frozen importlib._bootstrap>", line 1030, in _gcd_import
  File "<frozen importlib._bootstrap>", line 1007, in _find_and_load
  File "<frozen importlib._bootstrap>", line 986, in _find_and_load_unlocked
  File "<frozen importlib._bootstrap>", line 680, in _load_unlocked
  File "<frozen importlib._bootstrap_external>", line 850, in exec_module
  File "<frozen importlib._bootstrap>", line 228, in _call_with_frames_removed
  File "/Users/apple/Workspace/anhdh.write/py-databackup/api.py", line 1, in <module>
    from quart import Quart, jsonify
  File "/Users/apple/Workspace/anhdh.write/py-databackup/py39/lib/python3.9/site-packages/quart/__init__.py", line 5, in <module>
    from .app import Quart as Quart
  File "/Users/apple/Workspace/anhdh.write/py-databackup/py39/lib/python3.9/site-packages/quart/app.py", line 45, in <module>
    from werkzeug.urls import url_quote
ImportError: cannot import name 'url_quote' from 'werkzeug.urls' (/Users/apple/Workspace/anhdh.write/py-databackup/py39/lib/python3.9/site-packages/werkzeug/urls.py)
Traceback (most recent call last):
  File "/opt/homebrew/Cellar/python@3.9/3.9.22/Frameworks/Python.framework/Versions/3.9/lib/python3.9/runpy.py", line 197, in _run_module_as_main
    return _run_code(code, main_globals, None,
  File "/opt/homebrew/Cellar/python@3.9/3.9.22/Frameworks/Python.framework/Versions/3.9/lib/python3.9/runpy.py", line 87, in _run_code
    exec(code, run_globals)
  File "/Users/apple/Workspace/anhdh.write/py-databackup/py39/lib/python3.9/site-packages/hypercorn/__main__.py", line 286, in <module>
    main()
  File "/Users/apple/Workspace/anhdh.write/py-databackup/py39/lib/python3.9/site-packages/hypercorn/__main__.py", line 282, in main
    run(config)
  File "/Users/apple/Workspace/anhdh.write/py-databackup/py39/lib/python3.9/site-packages/hypercorn/run.py", line 36, in run
    worker_func(config)
  File "/Users/apple/Workspace/anhdh.write/py-databackup/py39/lib/python3.9/site-packages/hypercorn/asyncio/run.py", line 191, in asyncio_worker
    app = load_application(config.application_path)
  File "/Users/apple/Workspace/anhdh.write/py-databackup/py39/lib/python3.9/site-packages/hypercorn/utils.py", line 118, in load_application
    module = import_module(import_name)
  File "/opt/homebrew/Cellar/python@3.9/3.9.22/Frameworks/Python.framework/Versions/3.9/lib/python3.9/importlib/__init__.py", line 127, in import_module
    return _bootstrap._gcd_import(name[level:], package, level)
  File "<frozen importlib._bootstrap>", line 1030, in _gcd_import
  File "<frozen importlib._bootstrap>", line 1007, in _find_and_load
  File "<frozen importlib._bootstrap>", line 986, in _find_and_load_unlocked
  File "<frozen importlib._bootstrap>", line 680, in _load_unlocked
  File "<frozen importlib._bootstrap_external>", line 850, in exec_module
  File "<frozen importlib._bootstrap>", line 228, in _call_with_frames_removed
  File "/Users/apple/Workspace/anhdh.write/py-databackup/api.py", line 1, in <module>
    from quart import Quart, jsonify
  File "/Users/apple/Workspace/anhdh.write/py-databackup/py39/lib/python3.9/site-packages/quart/__init__.py", line 5, in <module>
    from .app import Quart as Quart
  File "/Users/apple/Workspace/anhdh.write/py-databackup/py39/lib/python3.9/site-packages/quart/app.py", line 45, in <module>
    from werkzeug.urls import url_quote
ImportError: cannot import name 'url_quote' from 'werkzeug.urls' (/Users/apple/Workspace/anhdh.write/py-databackup/py39/lib/python3.9/site-packages/werkzeug/urls.py)
Traceback (most recent call last):
  File "/opt/homebrew/Cellar/python@3.9/3.9.22/Frameworks/Python.framework/Versions/3.9/lib/python3.9/runpy.py", line 197, in _run_module_as_main
    return _run_code(code, main_globals, None,
  File "/opt/homebrew/Cellar/python@3.9/3.9.22/Frameworks/Python.framework/Versions/3.9/lib/python3.9/runpy.py", line 87, in _run_code
    exec(code, run_globals)
  File "/Users/apple/Workspace/anhdh.write/py-databackup/py39/lib/python3.9/site-packages/hypercorn/__main__.py", line 286, in <module>
    main()
  File "/Users/apple/Workspace/anhdh.write/py-databackup/py39/lib/python3.9/site-packages/hypercorn/__main__.py", line 282, in main
    run(config)
  File "/Users/apple/Workspace/anhdh.write/py-databackup/py39/lib/python3.9/site-packages/hypercorn/run.py", line 36, in run
    worker_func(config)
  File "/Users/apple/Workspace/anhdh.write/py-databackup/py39/lib/python3.9/site-packages/hypercorn/asyncio/run.py", line 191, in asyncio_worker
    app = load_application(config.application_path)
  File "/Users/apple/Workspace/anhdh.write/py-databackup/py39/lib/python3.9/site-packages/hypercorn/utils.py", line 118, in load_application
    module = import_module(import_name)
  File "/opt/homebrew/Cellar/python@3.9/3.9.22/Frameworks/Python.framework/Versions/3.9/lib/python3.9/importlib/__init__.py", line 127, in import_module
    return _bootstrap._gcd_import(name[level:], package, level)
  File "<frozen importlib._bootstrap>", line 1030, in _gcd_import
  File "<frozen importlib._bootstrap>", line 1007, in _find_and_load
  File "<frozen importlib._bootstrap>", line 986, in _find_and_load_unlocked
  File "<frozen importlib._bootstrap>", line 680, in _load_unlocked
  File "<frozen importlib._bootstrap_external>", line 850, in exec_module
  File "<frozen importlib._bootstrap>", line 228, in _call_with_frames_removed
  File "/Users/apple/Workspace/anhdh.write/py-databackup/api.py", line 1, in <module>
    from quart import Quart, jsonify
  File "/Users/apple/Workspace/anhdh.write/py-databackup/py39/lib/python3.9/site-packages/quart/__init__.py", line 5, in <module>
    from .app import Quart as Quart
  File "/Users/apple/Workspace/anhdh.write/py-databackup/py39/lib/python3.9/site-packages/quart/app.py", line 45, in <module>
    from werkzeug.urls import url_quote
ImportError: cannot import name 'url_quote' from 'werkzeug.urls' (/Users/apple/Workspace/anhdh.write/py-databackup/py39/lib/python3.9/site-packages/werkzeug/urls.py)
Traceback (most recent call last):
  File "/opt/homebrew/Cellar/python@3.9/3.9.22/Frameworks/Python.framework/Versions/3.9/lib/python3.9/runpy.py", line 197, in _run_module_as_main
    return _run_code(code, main_globals, None,
  File "/opt/homebrew/Cellar/python@3.9/3.9.22/Frameworks/Python.framework/Versions/3.9/lib/python3.9/runpy.py", line 87, in _run_code
    exec(code, run_globals)
  File "/Users/apple/Workspace/anhdh.write/py-databackup/py39/lib/python3.9/site-packages/hypercorn/__main__.py", line 286, in <module>
    main()
  File "/Users/apple/Workspace/anhdh.write/py-databackup/py39/lib/python3.9/site-packages/hypercorn/__main__.py", line 282, in main
    run(config)
  File "/Users/apple/Workspace/anhdh.write/py-databackup/py39/lib/python3.9/site-packages/hypercorn/run.py", line 36, in run
    worker_func(config)
  File "/Users/apple/Workspace/anhdh.write/py-databackup/py39/lib/python3.9/site-packages/hypercorn/asyncio/run.py", line 191, in asyncio_worker
    app = load_application(config.application_path)
  File "/Users/apple/Workspace/anhdh.write/py-databackup/py39/lib/python3.9/site-packages/hypercorn/utils.py", line 118, in load_application
    module = import_module(import_name)
  File "/opt/homebrew/Cellar/python@3.9/3.9.22/Frameworks/Python.framework/Versions/3.9/lib/python3.9/importlib/__init__.py", line 127, in import_module
    return _bootstrap._gcd_import(name[level:], package, level)
  File "<frozen importlib._bootstrap>", line 1030, in _gcd_import
  File "<frozen importlib._bootstrap>", line 1007, in _find_and_load
  File "<frozen importlib._bootstrap>", line 986, in _find_and_load_unlocked
  File "<frozen importlib._bootstrap>", line 680, in _load_unlocked
  File "<frozen importlib._bootstrap_external>", line 850, in exec_module
  File "<frozen importlib._bootstrap>", line 228, in _call_with_frames_removed
  File "/Users/apple/Workspace/anhdh.write/py-databackup/api.py", line 1, in <module>
    from quart import Quart, jsonify
  File "/Users/apple/Workspace/anhdh.write/py-databackup/py39/lib/python3.9/site-packages/quart/__init__.py", line 5, in <module>
    from .app import Quart as Quart
  File "/Users/apple/Workspace/anhdh.write/py-databackup/py39/lib/python3.9/site-packages/quart/app.py", line 45, in <module>
    from werkzeug.urls import url_quote
ImportError: cannot import name 'url_quote' from 'werkzeug.urls' (/Users/apple/Workspace/anhdh.write/py-databackup/py39/lib/python3.9/site-packages/werkzeug/urls.py)
Traceback (most recent call last):
  File "/opt/homebrew/Cellar/python@3.9/3.9.22/Frameworks/Python.framework/Versions/3.9/lib/python3.9/runpy.py", line 197, in _run_module_as_main
    return _run_code(code, main_globals, None,
  File "/opt/homebrew/Cellar/python@3.9/3.9.22/Frameworks/Python.framework/Versions/3.9/lib/python3.9/runpy.py", line 87, in _run_code
    exec(code, run_globals)
  File "/Users/apple/Workspace/anhdh.write/py-databackup/py39/lib/python3.9/site-packages/hypercorn/__main__.py", line 286, in <module>
    main()
  File "/Users/apple/Workspace/anhdh.write/py-databackup/py39/lib/python3.9/site-packages/hypercorn/__main__.py", line 282, in main
    run(config)
  File "/Users/apple/Workspace/anhdh.write/py-databackup/py39/lib/python3.9/site-packages/hypercorn/run.py", line 36, in run
    worker_func(config)
  File "/Users/apple/Workspace/anhdh.write/py-databackup/py39/lib/python3.9/site-packages/hypercorn/asyncio/run.py", line 191, in asyncio_worker
    app = load_application(config.application_path)
  File "/Users/apple/Workspace/anhdh.write/py-databackup/py39/lib/python3.9/site-packages/hypercorn/utils.py", line 118, in load_application
    module = import_module(import_name)
  File "/opt/homebrew/Cellar/python@3.9/3.9.22/Frameworks/Python.framework/Versions/3.9/lib/python3.9/importlib/__init__.py", line 127, in import_module
    return _bootstrap._gcd_import(name[level:], package, level)
  File "<frozen importlib._bootstrap>", line 1030, in _gcd_import
  File "<frozen importlib._bootstrap>", line 1007, in _find_and_load
  File "<frozen importlib._bootstrap>", line 986, in _find_and_load_unlocked
  File "<frozen importlib._bootstrap>", line 680, in _load_unlocked
  File "<frozen importlib._bootstrap_external>", line 850, in exec_module
  File "<frozen importlib._bootstrap>", line 228, in _call_with_frames_removed
  File "/Users/apple/Workspace/anhdh.write/py-databackup/api.py", line 1, in <module>
    from quart import Quart, jsonify
  File "/Users/apple/Workspace/anhdh.write/py-databackup/py39/lib/python3.9/site-packages/quart/__init__.py", line 5, in <module>
    from .app import Quart as Quart
  File "/Users/apple/Workspace/anhdh.write/py-databackup/py39/lib/python3.9/site-packages/quart/app.py", line 45, in <module>
    from werkzeug.urls import url_quote
ImportError: cannot import name 'url_quote' from 'werkzeug.urls' (/Users/apple/Workspace/anhdh.write/py-databackup/py39/lib/python3.9/site-packages/werkzeug/urls.py)
Traceback (most recent call last):
  File "/opt/homebrew/Cellar/python@3.9/3.9.22/Frameworks/Python.framework/Versions/3.9/lib/python3.9/runpy.py", line 197, in _run_module_as_main
    return _run_code(code, main_globals, None,
  File "/opt/homebrew/Cellar/python@3.9/3.9.22/Frameworks/Python.framework/Versions/3.9/lib/python3.9/runpy.py", line 87, in _run_code
    exec(code, run_globals)
  File "/Users/apple/Workspace/anhdh.write/py-databackup/py39/lib/python3.9/site-packages/hypercorn/__main__.py", line 286, in <module>
    main()
  File "/Users/apple/Workspace/anhdh.write/py-databackup/py39/lib/python3.9/site-packages/hypercorn/__main__.py", line 282, in main
    run(config)
  File "/Users/apple/Workspace/anhdh.write/py-databackup/py39/lib/python3.9/site-packages/hypercorn/run.py", line 36, in run
    worker_func(config)
  File "/Users/apple/Workspace/anhdh.write/py-databackup/py39/lib/python3.9/site-packages/hypercorn/asyncio/run.py", line 191, in asyncio_worker
    app = load_application(config.application_path)
  File "/Users/apple/Workspace/anhdh.write/py-databackup/py39/lib/python3.9/site-packages/hypercorn/utils.py", line 118, in load_application
    module = import_module(import_name)
  File "/opt/homebrew/Cellar/python@3.9/3.9.22/Frameworks/Python.framework/Versions/3.9/lib/python3.9/importlib/__init__.py", line 127, in import_module
    return _bootstrap._gcd_import(name[level:], package, level)
  File "<frozen importlib._bootstrap>", line 1030, in _gcd_import
  File "<frozen importlib._bootstrap>", line 1007, in _find_and_load
  File "<frozen importlib._bootstrap>", line 986, in _find_and_load_unlocked
  File "<frozen importlib._bootstrap>", line 680, in _load_unlocked
  File "<frozen importlib._bootstrap_external>", line 850, in exec_module
  File "<frozen importlib._bootstrap>", line 228, in _call_with_frames_removed
  File "/Users/apple/Workspace/anhdh.write/py-databackup/api.py", line 1, in <module>
    from quart import Quart, jsonify
  File "/Users/apple/Workspace/anhdh.write/py-databackup/py39/lib/python3.9/site-packages/quart/__init__.py", line 5, in <module>
    from .app import Quart as Quart
  File "/Users/apple/Workspace/anhdh.write/py-databackup/py39/lib/python3.9/site-packages/quart/app.py", line 45, in <module>
    from werkzeug.urls import url_quote
ImportError: cannot import name 'url_quote' from 'werkzeug.urls' (/Users/apple/Workspace/anhdh.write/py-databackup/py39/lib/python3.9/site-packages/werkzeug/urls.py)
Traceback (most recent call last):
  File "/opt/homebrew/Cellar/python@3.9/3.9.22/Frameworks/Python.framework/Versions/3.9/lib/python3.9/runpy.py", line 197, in _run_module_as_main
    return _run_code(code, main_globals, None,
  File "/opt/homebrew/Cellar/python@3.9/3.9.22/Frameworks/Python.framework/Versions/3.9/lib/python3.9/runpy.py", line 87, in _run_code
    exec(code, run_globals)
  File "/Users/apple/Workspace/anhdh.write/py-databackup/py39/lib/python3.9/site-packages/hypercorn/__main__.py", line 286, in <module>
    main()
  File "/Users/apple/Workspace/anhdh.write/py-databackup/py39/lib/python3.9/site-packages/hypercorn/__main__.py", line 282, in main
    run(config)
  File "/Users/apple/Workspace/anhdh.write/py-databackup/py39/lib/python3.9/site-packages/hypercorn/run.py", line 36, in run
    worker_func(config)
  File "/Users/apple/Workspace/anhdh.write/py-databackup/py39/lib/python3.9/site-packages/hypercorn/asyncio/run.py", line 191, in asyncio_worker
    app = load_application(config.application_path)
  File "/Users/apple/Workspace/anhdh.write/py-databackup/py39/lib/python3.9/site-packages/hypercorn/utils.py", line 118, in load_application
    module = import_module(import_name)
  File "/opt/homebrew/Cellar/python@3.9/3.9.22/Frameworks/Python.framework/Versions/3.9/lib/python3.9/importlib/__init__.py", line 127, in import_module
    return _bootstrap._gcd_import(name[level:], package, level)
  File "<frozen importlib._bootstrap>", line 1030, in _gcd_import
  File "<frozen importlib._bootstrap>", line 1007, in _find_and_load
  File "<frozen importlib._bootstrap>", line 986, in _find_and_load_unlocked
  File "<frozen importlib._bootstrap>", line 680, in _load_unlocked
  File "<frozen importlib._bootstrap_external>", line 850, in exec_module
  File "<frozen importlib._bootstrap>", line 228, in _call_with_frames_removed
  File "/Users/apple/Workspace/anhdh.write/py-databackup/api.py", line 1, in <module>
    from quart import Quart, jsonify
  File "/Users/apple/Workspace/anhdh.write/py-databackup/py39/lib/python3.9/site-packages/quart/__init__.py", line 5, in <module>
    from .app import Quart as Quart
  File "/Users/apple/Workspace/anhdh.write/py-databackup/py39/lib/python3.9/site-packages/quart/app.py", line 45, in <module>
    from werkzeug.urls import url_quote
ImportError: cannot import name 'url_quote' from 'werkzeug.urls' (/Users/apple/Workspace/anhdh.write/py-databackup/py39/lib/python3.9/site-packages/werkzeug/urls.py)
Traceback (most recent call last):
  File "/opt/homebrew/Cellar/python@3.9/3.9.22/Frameworks/Python.framework/Versions/3.9/lib/python3.9/runpy.py", line 197, in _run_module_as_main
    return _run_code(code, main_globals, None,
  File "/opt/homebrew/Cellar/python@3.9/3.9.22/Frameworks/Python.framework/Versions/3.9/lib/python3.9/runpy.py", line 87, in _run_code
    exec(code, run_globals)
  File "/Users/apple/Workspace/anhdh.write/py-databackup/py39/lib/python3.9/site-packages/hypercorn/__main__.py", line 286, in <module>
    main()
  File "/Users/apple/Workspace/anhdh.write/py-databackup/py39/lib/python3.9/site-packages/hypercorn/__main__.py", line 282, in main
    run(config)
  File "/Users/apple/Workspace/anhdh.write/py-databackup/py39/lib/python3.9/site-packages/hypercorn/run.py", line 36, in run
    worker_func(config)
  File "/Users/apple/Workspace/anhdh.write/py-databackup/py39/lib/python3.9/site-packages/hypercorn/asyncio/run.py", line 191, in asyncio_worker
    app = load_application(config.application_path)
  File "/Users/apple/Workspace/anhdh.write/py-databackup/py39/lib/python3.9/site-packages/hypercorn/utils.py", line 118, in load_application
    module = import_module(import_name)
  File "/opt/homebrew/Cellar/python@3.9/3.9.22/Frameworks/Python.framework/Versions/3.9/lib/python3.9/importlib/__init__.py", line 127, in import_module
    return _bootstrap._gcd_import(name[level:], package, level)
  File "<frozen importlib._bootstrap>", line 1030, in _gcd_import
  File "<frozen importlib._bootstrap>", line 1007, in _find_and_load
  File "<frozen importlib._bootstrap>", line 986, in _find_and_load_unlocked
  File "<frozen importlib._bootstrap>", line 680, in _load_unlocked
  File "<frozen importlib._bootstrap_external>", line 850, in exec_module
  File "<frozen importlib._bootstrap>", line 228, in _call_with_frames_removed
  File "/Users/apple/Workspace/anhdh.write/py-databackup/api.py", line 1, in <module>
    from quart import Quart, jsonify
  File "/Users/apple/Workspace/anhdh.write/py-databackup/py39/lib/python3.9/site-packages/quart/__init__.py", line 5, in <module>
    from .app import Quart as Quart
  File "/Users/apple/Workspace/anhdh.write/py-databackup/py39/lib/python3.9/site-packages/quart/app.py", line 45, in <module>
    from werkzeug.urls import url_quote
ImportError: cannot import name 'url_quote' from 'werkzeug.urls' (/Users/apple/Workspace/anhdh.write/py-databackup/py39/lib/python3.9/site-packages/werkzeug/urls.py)
Traceback (most recent call last):
  File "/opt/homebrew/Cellar/python@3.9/3.9.22/Frameworks/Python.framework/Versions/3.9/lib/python3.9/runpy.py", line 197, in _run_module_as_main
    return _run_code(code, main_globals, None,
  File "/opt/homebrew/Cellar/python@3.9/3.9.22/Frameworks/Python.framework/Versions/3.9/lib/python3.9/runpy.py", line 87, in _run_code
    exec(code, run_globals)
  File "/Users/apple/Workspace/anhdh.write/py-databackup/py39/lib/python3.9/site-packages/hypercorn/__main__.py", line 286, in <module>
    main()
  File "/Users/apple/Workspace/anhdh.write/py-databackup/py39/lib/python3.9/site-packages/hypercorn/__main__.py", line 282, in main
    run(config)
  File "/Users/apple/Workspace/anhdh.write/py-databackup/py39/lib/python3.9/site-packages/hypercorn/run.py", line 36, in run
    worker_func(config)
  File "/Users/apple/Workspace/anhdh.write/py-databackup/py39/lib/python3.9/site-packages/hypercorn/asyncio/run.py", line 191, in asyncio_worker
    app = load_application(config.application_path)
  File "/Users/apple/Workspace/anhdh.write/py-databackup/py39/lib/python3.9/site-packages/hypercorn/utils.py", line 118, in load_application
    module = import_module(import_name)
  File "/opt/homebrew/Cellar/python@3.9/3.9.22/Frameworks/Python.framework/Versions/3.9/lib/python3.9/importlib/__init__.py", line 127, in import_module
    return _bootstrap._gcd_import(name[level:], package, level)
  File "<frozen importlib._bootstrap>", line 1030, in _gcd_import
  File "<frozen importlib._bootstrap>", line 1007, in _find_and_load
  File "<frozen importlib._bootstrap>", line 986, in _find_and_load_unlocked
  File "<frozen importlib._bootstrap>", line 680, in _load_unlocked
  File "<frozen importlib._bootstrap_external>", line 850, in exec_module
  File "<frozen importlib._bootstrap>", line 228, in _call_with_frames_removed
  File "/Users/apple/Workspace/anhdh.write/py-databackup/api.py", line 1, in <module>
    from quart import Quart, jsonify
  File "/Users/apple/Workspace/anhdh.write/py-databackup/py39/lib/python3.9/site-packages/quart/__init__.py", line 5, in <module>
    from .app import Quart as Quart
  File "/Users/apple/Workspace/anhdh.write/py-databackup/py39/lib/python3.9/site-packages/quart/app.py", line 45, in <module>
    from werkzeug.urls import url_quote
ImportError: cannot import name 'url_quote' from 'werkzeug.urls' (/Users/apple/Workspace/anhdh.write/py-databackup/py39/lib/python3.9/site-packages/werkzeug/urls.py)
Traceback (most recent call last):
  File "/opt/homebrew/Cellar/python@3.9/3.9.22/Frameworks/Python.framework/Versions/3.9/lib/python3.9/runpy.py", line 197, in _run_module_as_main
    return _run_code(code, main_globals, None,
  File "/opt/homebrew/Cellar/python@3.9/3.9.22/Frameworks/Python.framework/Versions/3.9/lib/python3.9/runpy.py", line 87, in _run_code
    exec(code, run_globals)
  File "/Users/apple/Workspace/anhdh.write/py-databackup/py39/lib/python3.9/site-packages/hypercorn/__main__.py", line 286, in <module>
    main()
  File "/Users/apple/Workspace/anhdh.write/py-databackup/py39/lib/python3.9/site-packages/hypercorn/__main__.py", line 282, in main
    run(config)
  File "/Users/apple/Workspace/anhdh.write/py-databackup/py39/lib/python3.9/site-packages/hypercorn/run.py", line 36, in run
    worker_func(config)
  File "/Users/apple/Workspace/anhdh.write/py-databackup/py39/lib/python3.9/site-packages/hypercorn/asyncio/run.py", line 191, in asyncio_worker
    app = load_application(config.application_path)
  File "/Users/apple/Workspace/anhdh.write/py-databackup/py39/lib/python3.9/site-packages/hypercorn/utils.py", line 118, in load_application
    module = import_module(import_name)
  File "/opt/homebrew/Cellar/python@3.9/3.9.22/Frameworks/Python.framework/Versions/3.9/lib/python3.9/importlib/__init__.py", line 127, in import_module
    return _bootstrap._gcd_import(name[level:], package, level)
  File "<frozen importlib._bootstrap>", line 1030, in _gcd_import
  File "<frozen importlib._bootstrap>", line 1007, in _find_and_load
  File "<frozen importlib._bootstrap>", line 986, in _find_and_load_unlocked
  File "<frozen importlib._bootstrap>", line 680, in _load_unlocked
  File "<frozen importlib._bootstrap_external>", line 850, in exec_module
  File "<frozen importlib._bootstrap>", line 228, in _call_with_frames_removed
  File "/Users/apple/Workspace/anhdh.write/py-databackup/api.py", line 1, in <module>
    from quart import Quart, jsonify
  File "/Users/apple/Workspace/anhdh.write/py-databackup/py39/lib/python3.9/site-packages/quart/__init__.py", line 5, in <module>
    from .app import Quart as Quart
  File "/Users/apple/Workspace/anhdh.write/py-databackup/py39/lib/python3.9/site-packages/quart/app.py", line 45, in <module>
    from werkzeug.urls import url_quote
ImportError: cannot import name 'url_quote' from 'werkzeug.urls' (/Users/apple/Workspace/anhdh.write/py-databackup/py39/lib/python3.9/site-packages/werkzeug/urls.py)
Traceback (most recent call last):
  File "/opt/homebrew/Cellar/python@3.9/3.9.22/Frameworks/Python.framework/Versions/3.9/lib/python3.9/runpy.py", line 197, in _run_module_as_main
    return _run_code(code, main_globals, None,
  File "/opt/homebrew/Cellar/python@3.9/3.9.22/Frameworks/Python.framework/Versions/3.9/lib/python3.9/runpy.py", line 87, in _run_code
    exec(code, run_globals)
  File "/Users/apple/Workspace/anhdh.write/py-databackup/py39/lib/python3.9/site-packages/hypercorn/__main__.py", line 286, in <module>
    main()
  File "/Users/apple/Workspace/anhdh.write/py-databackup/py39/lib/python3.9/site-packages/hypercorn/__main__.py", line 282, in main
    run(config)
  File "/Users/apple/Workspace/anhdh.write/py-databackup/py39/lib/python3.9/site-packages/hypercorn/run.py", line 36, in run
    worker_func(config)
  File "/Users/apple/Workspace/anhdh.write/py-databackup/py39/lib/python3.9/site-packages/hypercorn/asyncio/run.py", line 191, in asyncio_worker
    app = load_application(config.application_path)
  File "/Users/apple/Workspace/anhdh.write/py-databackup/py39/lib/python3.9/site-packages/hypercorn/utils.py", line 118, in load_application
    module = import_module(import_name)
  File "/opt/homebrew/Cellar/python@3.9/3.9.22/Frameworks/Python.framework/Versions/3.9/lib/python3.9/importlib/__init__.py", line 127, in import_module
    return _bootstrap._gcd_import(name[level:], package, level)
  File "<frozen importlib._bootstrap>", line 1030, in _gcd_import
  File "<frozen importlib._bootstrap>", line 1007, in _find_and_load
  File "<frozen importlib._bootstrap>", line 986, in _find_and_load_unlocked
  File "<frozen importlib._bootstrap>", line 680, in _load_unlocked
  File "<frozen importlib._bootstrap_external>", line 850, in exec_module
  File "<frozen importlib._bootstrap>", line 228, in _call_with_frames_removed
  File "/Users/apple/Workspace/anhdh.write/py-databackup/api.py", line 1, in <module>
    from quart import Quart, jsonify
  File "/Users/apple/Workspace/anhdh.write/py-databackup/py39/lib/python3.9/site-packages/quart/__init__.py", line 5, in <module>
    from .app import Quart as Quart
  File "/Users/apple/Workspace/anhdh.write/py-databackup/py39/lib/python3.9/site-packages/quart/app.py", line 45, in <module>
    from werkzeug.urls import url_quote
ImportError: cannot import name 'url_quote' from 'werkzeug.urls' (/Users/apple/Workspace/anhdh.write/py-databackup/py39/lib/python3.9/site-packages/werkzeug/urls.py)
Traceback (most recent call last):
  File "/opt/homebrew/Cellar/python@3.9/3.9.22/Frameworks/Python.framework/Versions/3.9/lib/python3.9/runpy.py", line 197, in _run_module_as_main
    return _run_code(code, main_globals, None,
  File "/opt/homebrew/Cellar/python@3.9/3.9.22/Frameworks/Python.framework/Versions/3.9/lib/python3.9/runpy.py", line 87, in _run_code
    exec(code, run_globals)
  File "/Users/apple/Workspace/anhdh.write/py-databackup/py39/lib/python3.9/site-packages/hypercorn/__main__.py", line 286, in <module>
    main()
  File "/Users/apple/Workspace/anhdh.write/py-databackup/py39/lib/python3.9/site-packages/hypercorn/__main__.py", line 282, in main
    run(config)
  File "/Users/apple/Workspace/anhdh.write/py-databackup/py39/lib/python3.9/site-packages/hypercorn/run.py", line 36, in run
    worker_func(config)
  File "/Users/apple/Workspace/anhdh.write/py-databackup/py39/lib/python3.9/site-packages/hypercorn/asyncio/run.py", line 191, in asyncio_worker
    app = load_application(config.application_path)
  File "/Users/apple/Workspace/anhdh.write/py-databackup/py39/lib/python3.9/site-packages/hypercorn/utils.py", line 118, in load_application
    module = import_module(import_name)
  File "/opt/homebrew/Cellar/python@3.9/3.9.22/Frameworks/Python.framework/Versions/3.9/lib/python3.9/importlib/__init__.py", line 127, in import_module
    return _bootstrap._gcd_import(name[level:], package, level)
  File "<frozen importlib._bootstrap>", line 1030, in _gcd_import
  File "<frozen importlib._bootstrap>", line 1007, in _find_and_load
  File "<frozen importlib._bootstrap>", line 986, in _find_and_load_unlocked
  File "<frozen importlib._bootstrap>", line 680, in _load_unlocked
  File "<frozen importlib._bootstrap_external>", line 850, in exec_module
  File "<frozen importlib._bootstrap>", line 228, in _call_with_frames_removed
  File "/Users/apple/Workspace/anhdh.write/py-databackup/api.py", line 1, in <module>
    from quart import Quart, jsonify
  File "/Users/apple/Workspace/anhdh.write/py-databackup/py39/lib/python3.9/site-packages/quart/__init__.py", line 5, in <module>
    from .app import Quart as Quart
  File "/Users/apple/Workspace/anhdh.write/py-databackup/py39/lib/python3.9/site-packages/quart/app.py", line 45, in <module>
    from werkzeug.urls import url_quote
ImportError: cannot import name 'url_quote' from 'werkzeug.urls' (/Users/apple/Workspace/anhdh.write/py-databackup/py39/lib/python3.9/site-packages/werkzeug/urls.py)
Traceback (most recent call last):
  File "/opt/homebrew/Cellar/python@3.9/3.9.22/Frameworks/Python.framework/Versions/3.9/lib/python3.9/runpy.py", line 197, in _run_module_as_main
    return _run_code(code, main_globals, None,
  File "/opt/homebrew/Cellar/python@3.9/3.9.22/Frameworks/Python.framework/Versions/3.9/lib/python3.9/runpy.py", line 87, in _run_code
    exec(code, run_globals)
  File "/Users/apple/Workspace/anhdh.write/py-databackup/py39/lib/python3.9/site-packages/hypercorn/__main__.py", line 286, in <module>
    main()
  File "/Users/apple/Workspace/anhdh.write/py-databackup/py39/lib/python3.9/site-packages/hypercorn/__main__.py", line 282, in main
    run(config)
  File "/Users/apple/Workspace/anhdh.write/py-databackup/py39/lib/python3.9/site-packages/hypercorn/run.py", line 36, in run
    worker_func(config)
  File "/Users/apple/Workspace/anhdh.write/py-databackup/py39/lib/python3.9/site-packages/hypercorn/asyncio/run.py", line 191, in asyncio_worker
    app = load_application(config.application_path)
  File "/Users/apple/Workspace/anhdh.write/py-databackup/py39/lib/python3.9/site-packages/hypercorn/utils.py", line 118, in load_application
    module = import_module(import_name)
  File "/opt/homebrew/Cellar/python@3.9/3.9.22/Frameworks/Python.framework/Versions/3.9/lib/python3.9/importlib/__init__.py", line 127, in import_module
    return _bootstrap._gcd_import(name[level:], package, level)
  File "<frozen importlib._bootstrap>", line 1030, in _gcd_import
  File "<frozen importlib._bootstrap>", line 1007, in _find_and_load
  File "<frozen importlib._bootstrap>", line 986, in _find_and_load_unlocked
  File "<frozen importlib._bootstrap>", line 680, in _load_unlocked
  File "<frozen importlib._bootstrap_external>", line 850, in exec_module
  File "<frozen importlib._bootstrap>", line 228, in _call_with_frames_removed
  File "/Users/apple/Workspace/anhdh.write/py-databackup/api.py", line 1, in <module>
    from quart import Quart, jsonify
  File "/Users/apple/Workspace/anhdh.write/py-databackup/py39/lib/python3.9/site-packages/quart/__init__.py", line 5, in <module>
    from .app import Quart as Quart
  File "/Users/apple/Workspace/anhdh.write/py-databackup/py39/lib/python3.9/site-packages/quart/app.py", line 45, in <module>
    from werkzeug.urls import url_quote
ImportError: cannot import name 'url_quote' from 'werkzeug.urls' (/Users/apple/Workspace/anhdh.write/py-databackup/py39/lib/python3.9/site-packages/werkzeug/urls.py)
Traceback (most recent call last):
  File "/opt/homebrew/Cellar/python@3.9/3.9.22/Frameworks/Python.framework/Versions/3.9/lib/python3.9/runpy.py", line 197, in _run_module_as_main
    return _run_code(code, main_globals, None,
  File "/opt/homebrew/Cellar/python@3.9/3.9.22/Frameworks/Python.framework/Versions/3.9/lib/python3.9/runpy.py", line 87, in _run_code
    exec(code, run_globals)
  File "/Users/apple/Workspace/anhdh.write/py-databackup/py39/lib/python3.9/site-packages/hypercorn/__main__.py", line 286, in <module>
    main()
  File "/Users/apple/Workspace/anhdh.write/py-databackup/py39/lib/python3.9/site-packages/hypercorn/__main__.py", line 282, in main
    run(config)
  File "/Users/apple/Workspace/anhdh.write/py-databackup/py39/lib/python3.9/site-packages/hypercorn/run.py", line 36, in run
    worker_func(config)
  File "/Users/apple/Workspace/anhdh.write/py-databackup/py39/lib/python3.9/site-packages/hypercorn/asyncio/run.py", line 191, in asyncio_worker
    app = load_application(config.application_path)
  File "/Users/apple/Workspace/anhdh.write/py-databackup/py39/lib/python3.9/site-packages/hypercorn/utils.py", line 118, in load_application
    module = import_module(import_name)
  File "/opt/homebrew/Cellar/python@3.9/3.9.22/Frameworks/Python.framework/Versions/3.9/lib/python3.9/importlib/__init__.py", line 127, in import_module
    return _bootstrap._gcd_import(name[level:], package, level)
  File "<frozen importlib._bootstrap>", line 1030, in _gcd_import
  File "<frozen importlib._bootstrap>", line 1007, in _find_and_load
  File "<frozen importlib._bootstrap>", line 986, in _find_and_load_unlocked
  File "<frozen importlib._bootstrap>", line 680, in _load_unlocked
  File "<frozen importlib._bootstrap_external>", line 850, in exec_module
  File "<frozen importlib._bootstrap>", line 228, in _call_with_frames_removed
  File "/Users/apple/Workspace/anhdh.write/py-databackup/api.py", line 1, in <module>
    from quart import Quart, jsonify
  File "/Users/apple/Workspace/anhdh.write/py-databackup/py39/lib/python3.9/site-packages/quart/__init__.py", line 5, in <module>
    from .app import Quart as Quart
  File "/Users/apple/Workspace/anhdh.write/py-databackup/py39/lib/python3.9/site-packages/quart/app.py", line 45, in <module>
    from werkzeug.urls import url_quote
ImportError: cannot import name 'url_quote' from 'werkzeug.urls' (/Users/apple/Workspace/anhdh.write/py-databackup/py39/lib/python3.9/site-packages/werkzeug/urls.py)
Traceback (most recent call last):
  File "/opt/homebrew/Cellar/python@3.9/3.9.22/Frameworks/Python.framework/Versions/3.9/lib/python3.9/runpy.py", line 197, in _run_module_as_main
    return _run_code(code, main_globals, None,
  File "/opt/homebrew/Cellar/python@3.9/3.9.22/Frameworks/Python.framework/Versions/3.9/lib/python3.9/runpy.py", line 87, in _run_code
    exec(code, run_globals)
  File "/Users/apple/Workspace/anhdh.write/py-databackup/py39/lib/python3.9/site-packages/hypercorn/__main__.py", line 286, in <module>
    main()
  File "/Users/apple/Workspace/anhdh.write/py-databackup/py39/lib/python3.9/site-packages/hypercorn/__main__.py", line 282, in main
    run(config)
  File "/Users/apple/Workspace/anhdh.write/py-databackup/py39/lib/python3.9/site-packages/hypercorn/run.py", line 36, in run
    worker_func(config)
  File "/Users/apple/Workspace/anhdh.write/py-databackup/py39/lib/python3.9/site-packages/hypercorn/asyncio/run.py", line 191, in asyncio_worker
    app = load_application(config.application_path)
  File "/Users/apple/Workspace/anhdh.write/py-databackup/py39/lib/python3.9/site-packages/hypercorn/utils.py", line 118, in load_application
    module = import_module(import_name)
  File "/opt/homebrew/Cellar/python@3.9/3.9.22/Frameworks/Python.framework/Versions/3.9/lib/python3.9/importlib/__init__.py", line 127, in import_module
    return _bootstrap._gcd_import(name[level:], package, level)
  File "<frozen importlib._bootstrap>", line 1030, in _gcd_import
  File "<frozen importlib._bootstrap>", line 1007, in _find_and_load
  File "<frozen importlib._bootstrap>", line 986, in _find_and_load_unlocked
  File "<frozen importlib._bootstrap>", line 680, in _load_unlocked
  File "<frozen importlib._bootstrap_external>", line 850, in exec_module
  File "<frozen importlib._bootstrap>", line 228, in _call_with_frames_removed
  File "/Users/apple/Workspace/anhdh.write/py-databackup/api.py", line 1, in <module>
    from quart import Quart, jsonify
  File "/Users/apple/Workspace/anhdh.write/py-databackup/py39/lib/python3.9/site-packages/quart/__init__.py", line 5, in <module>
    from .app import Quart as Quart
  File "/Users/apple/Workspace/anhdh.write/py-databackup/py39/lib/python3.9/site-packages/quart/app.py", line 45, in <module>
    from werkzeug.urls import url_quote
ImportError: cannot import name 'url_quote' from 'werkzeug.urls' (/Users/apple/Workspace/anhdh.write/py-databackup/py39/lib/python3.9/site-packages/werkzeug/urls.py)
Traceback (most recent call last):
  File "/opt/homebrew/Cellar/python@3.9/3.9.22/Frameworks/Python.framework/Versions/3.9/lib/python3.9/runpy.py", line 197, in _run_module_as_main
    return _run_code(code, main_globals, None,
  File "/opt/homebrew/Cellar/python@3.9/3.9.22/Frameworks/Python.framework/Versions/3.9/lib/python3.9/runpy.py", line 87, in _run_code
    exec(code, run_globals)
  File "/Users/apple/Workspace/anhdh.write/py-databackup/py39/lib/python3.9/site-packages/hypercorn/__main__.py", line 286, in <module>
    main()
  File "/Users/apple/Workspace/anhdh.write/py-databackup/py39/lib/python3.9/site-packages/hypercorn/__main__.py", line 282, in main
    run(config)
  File "/Users/apple/Workspace/anhdh.write/py-databackup/py39/lib/python3.9/site-packages/hypercorn/run.py", line 36, in run
    worker_func(config)
  File "/Users/apple/Workspace/anhdh.write/py-databackup/py39/lib/python3.9/site-packages/hypercorn/asyncio/run.py", line 191, in asyncio_worker
    app = load_application(config.application_path)
  File "/Users/apple/Workspace/anhdh.write/py-databackup/py39/lib/python3.9/site-packages/hypercorn/utils.py", line 118, in load_application
    module = import_module(import_name)
  File "/opt/homebrew/Cellar/python@3.9/3.9.22/Frameworks/Python.framework/Versions/3.9/lib/python3.9/importlib/__init__.py", line 127, in import_module
    return _bootstrap._gcd_import(name[level:], package, level)
  File "<frozen importlib._bootstrap>", line 1030, in _gcd_import
  File "<frozen importlib._bootstrap>", line 1007, in _find_and_load
  File "<frozen importlib._bootstrap>", line 986, in _find_and_load_unlocked
  File "<frozen importlib._bootstrap>", line 680, in _load_unlocked
  File "<frozen importlib._bootstrap_external>", line 850, in exec_module
  File "<frozen importlib._bootstrap>", line 228, in _call_with_frames_removed
  File "/Users/apple/Workspace/anhdh.write/py-databackup/api.py", line 1, in <module>
    from quart import Quart, jsonify
  File "/Users/apple/Workspace/anhdh.write/py-databackup/py39/lib/python3.9/site-packages/quart/__init__.py", line 5, in <module>
    from .app import Quart as Quart
  File "/Users/apple/Workspace/anhdh.write/py-databackup/py39/lib/python3.9/site-packages/quart/app.py", line 45, in <module>
    from werkzeug.urls import url_quote
ImportError: cannot import name 'url_quote' from 'werkzeug.urls' (/Users/apple/Workspace/anhdh.write/py-databackup/py39/lib/python3.9/site-packages/werkzeug/urls.py)
Traceback (most recent call last):
  File "/opt/homebrew/Cellar/python@3.9/3.9.22/Frameworks/Python.framework/Versions/3.9/lib/python3.9/runpy.py", line 197, in _run_module_as_main
    return _run_code(code, main_globals, None,
  File "/opt/homebrew/Cellar/python@3.9/3.9.22/Frameworks/Python.framework/Versions/3.9/lib/python3.9/runpy.py", line 87, in _run_code
    exec(code, run_globals)
  File "/Users/apple/Workspace/anhdh.write/py-databackup/py39/lib/python3.9/site-packages/hypercorn/__main__.py", line 286, in <module>
    main()
  File "/Users/apple/Workspace/anhdh.write/py-databackup/py39/lib/python3.9/site-packages/hypercorn/__main__.py", line 282, in main
    run(config)
  File "/Users/apple/Workspace/anhdh.write/py-databackup/py39/lib/python3.9/site-packages/hypercorn/run.py", line 36, in run
    worker_func(config)
  File "/Users/apple/Workspace/anhdh.write/py-databackup/py39/lib/python3.9/site-packages/hypercorn/asyncio/run.py", line 191, in asyncio_worker
    app = load_application(config.application_path)
  File "/Users/apple/Workspace/anhdh.write/py-databackup/py39/lib/python3.9/site-packages/hypercorn/utils.py", line 118, in load_application
    module = import_module(import_name)
  File "/opt/homebrew/Cellar/python@3.9/3.9.22/Frameworks/Python.framework/Versions/3.9/lib/python3.9/importlib/__init__.py", line 127, in import_module
    return _bootstrap._gcd_import(name[level:], package, level)
  File "<frozen importlib._bootstrap>", line 1030, in _gcd_import
  File "<frozen importlib._bootstrap>", line 1007, in _find_and_load
  File "<frozen importlib._bootstrap>", line 986, in _find_and_load_unlocked
  File "<frozen importlib._bootstrap>", line 680, in _load_unlocked
  File "<frozen importlib._bootstrap_external>", line 850, in exec_module
  File "<frozen importlib._bootstrap>", line 228, in _call_with_frames_removed
  File "/Users/apple/Workspace/anhdh.write/py-databackup/api.py", line 1, in <module>
    from quart import Quart, jsonify
  File "/Users/apple/Workspace/anhdh.write/py-databackup/py39/lib/python3.9/site-packages/quart/__init__.py", line 5, in <module>
    from .app import Quart as Quart
  File "/Users/apple/Workspace/anhdh.write/py-databackup/py39/lib/python3.9/site-packages/quart/app.py", line 45, in <module>
    from werkzeug.urls import url_quote
ImportError: cannot import name 'url_quote' from 'werkzeug.urls' (/Users/apple/Workspace/anhdh.write/py-databackup/py39/lib/python3.9/site-packages/werkzeug/urls.py)
Traceback (most recent call last):
  File "/opt/homebrew/Cellar/python@3.9/3.9.22/Frameworks/Python.framework/Versions/3.9/lib/python3.9/runpy.py", line 197, in _run_module_as_main
    return _run_code(code, main_globals, None,
  File "/opt/homebrew/Cellar/python@3.9/3.9.22/Frameworks/Python.framework/Versions/3.9/lib/python3.9/runpy.py", line 87, in _run_code
    exec(code, run_globals)
  File "/Users/apple/Workspace/anhdh.write/py-databackup/py39/lib/python3.9/site-packages/hypercorn/__main__.py", line 286, in <module>
    main()
  File "/Users/apple/Workspace/anhdh.write/py-databackup/py39/lib/python3.9/site-packages/hypercorn/__main__.py", line 282, in main
    run(config)
  File "/Users/apple/Workspace/anhdh.write/py-databackup/py39/lib/python3.9/site-packages/hypercorn/run.py", line 36, in run
    worker_func(config)
  File "/Users/apple/Workspace/anhdh.write/py-databackup/py39/lib/python3.9/site-packages/hypercorn/asyncio/run.py", line 191, in asyncio_worker
    app = load_application(config.application_path)
  File "/Users/apple/Workspace/anhdh.write/py-databackup/py39/lib/python3.9/site-packages/hypercorn/utils.py", line 118, in load_application
    module = import_module(import_name)
  File "/opt/homebrew/Cellar/python@3.9/3.9.22/Frameworks/Python.framework/Versions/3.9/lib/python3.9/importlib/__init__.py", line 127, in import_module
    return _bootstrap._gcd_import(name[level:], package, level)
  File "<frozen importlib._bootstrap>", line 1030, in _gcd_import
  File "<frozen importlib._bootstrap>", line 1007, in _find_and_load
  File "<frozen importlib._bootstrap>", line 986, in _find_and_load_unlocked
  File "<frozen importlib._bootstrap>", line 680, in _load_unlocked
  File "<frozen importlib._bootstrap_external>", line 850, in exec_module
  File "<frozen importlib._bootstrap>", line 228, in _call_with_frames_removed
  File "/Users/apple/Workspace/anhdh.write/py-databackup/api.py", line 1, in <module>
    from quart import Quart, jsonify
  File "/Users/apple/Workspace/anhdh.write/py-databackup/py39/lib/python3.9/site-packages/quart/__init__.py", line 5, in <module>
    from .app import Quart as Quart
  File "/Users/apple/Workspace/anhdh.write/py-databackup/py39/lib/python3.9/site-packages/quart/app.py", line 45, in <module>
    from werkzeug.urls import url_quote
ImportError: cannot import name 'url_quote' from 'werkzeug.urls' (/Users/apple/Workspace/anhdh.write/py-databackup/py39/lib/python3.9/site-packages/werkzeug/urls.py)
Traceback (most recent call last):
  File "/opt/homebrew/Cellar/python@3.9/3.9.22/Frameworks/Python.framework/Versions/3.9/lib/python3.9/runpy.py", line 197, in _run_module_as_main
    return _run_code(code, main_globals, None,
  File "/opt/homebrew/Cellar/python@3.9/3.9.22/Frameworks/Python.framework/Versions/3.9/lib/python3.9/runpy.py", line 87, in _run_code
    exec(code, run_globals)
  File "/Users/apple/Workspace/anhdh.write/py-databackup/py39/lib/python3.9/site-packages/hypercorn/__main__.py", line 286, in <module>
    main()
  File "/Users/apple/Workspace/anhdh.write/py-databackup/py39/lib/python3.9/site-packages/hypercorn/__main__.py", line 282, in main
    run(config)
  File "/Users/apple/Workspace/anhdh.write/py-databackup/py39/lib/python3.9/site-packages/hypercorn/run.py", line 36, in run
    worker_func(config)
  File "/Users/apple/Workspace/anhdh.write/py-databackup/py39/lib/python3.9/site-packages/hypercorn/asyncio/run.py", line 191, in asyncio_worker
    app = load_application(config.application_path)
  File "/Users/apple/Workspace/anhdh.write/py-databackup/py39/lib/python3.9/site-packages/hypercorn/utils.py", line 118, in load_application
    module = import_module(import_name)
  File "/opt/homebrew/Cellar/python@3.9/3.9.22/Frameworks/Python.framework/Versions/3.9/lib/python3.9/importlib/__init__.py", line 127, in import_module
    return _bootstrap._gcd_import(name[level:], package, level)
  File "<frozen importlib._bootstrap>", line 1030, in _gcd_import
  File "<frozen importlib._bootstrap>", line 1007, in _find_and_load
  File "<frozen importlib._bootstrap>", line 986, in _find_and_load_unlocked
  File "<frozen importlib._bootstrap>", line 680, in _load_unlocked
  File "<frozen importlib._bootstrap_external>", line 850, in exec_module
  File "<frozen importlib._bootstrap>", line 228, in _call_with_frames_removed
  File "/Users/apple/Workspace/anhdh.write/py-databackup/api.py", line 2, in <module>
    from db_projects_show import DbProjects
ImportError: cannot import name 'DbProjects' from 'db_projects_show' (/Users/apple/Workspace/anhdh.write/py-databackup/db_projects_show.py)
Traceback (most recent call last):
  File "/opt/homebrew/Cellar/python@3.9/3.9.22/Frameworks/Python.framework/Versions/3.9/lib/python3.9/runpy.py", line 197, in _run_module_as_main
    return _run_code(code, main_globals, None,
  File "/opt/homebrew/Cellar/python@3.9/3.9.22/Frameworks/Python.framework/Versions/3.9/lib/python3.9/runpy.py", line 87, in _run_code
    exec(code, run_globals)
  File "/Users/apple/Workspace/anhdh.write/py-databackup/py39/lib/python3.9/site-packages/hypercorn/__main__.py", line 286, in <module>
    main()
  File "/Users/apple/Workspace/anhdh.write/py-databackup/py39/lib/python3.9/site-packages/hypercorn/__main__.py", line 282, in main
    run(config)
  File "/Users/apple/Workspace/anhdh.write/py-databackup/py39/lib/python3.9/site-packages/hypercorn/run.py", line 36, in run
    worker_func(config)
  File "/Users/apple/Workspace/anhdh.write/py-databackup/py39/lib/python3.9/site-packages/hypercorn/asyncio/run.py", line 191, in asyncio_worker
    app = load_application(config.application_path)
  File "/Users/apple/Workspace/anhdh.write/py-databackup/py39/lib/python3.9/site-packages/hypercorn/utils.py", line 118, in load_application
    module = import_module(import_name)
  File "/opt/homebrew/Cellar/python@3.9/3.9.22/Frameworks/Python.framework/Versions/3.9/lib/python3.9/importlib/__init__.py", line 127, in import_module
    return _bootstrap._gcd_import(name[level:], package, level)
  File "<frozen importlib._bootstrap>", line 1030, in _gcd_import
  File "<frozen importlib._bootstrap>", line 1007, in _find_and_load
  File "<frozen importlib._bootstrap>", line 986, in _find_and_load_unlocked
  File "<frozen importlib._bootstrap>", line 680, in _load_unlocked
  File "<frozen importlib._bootstrap_external>", line 850, in exec_module
  File "<frozen importlib._bootstrap>", line 228, in _call_with_frames_removed
  File "/Users/apple/Workspace/anhdh.write/py-databackup/api.py", line 2, in <module>
    from db_projects_show import DbProjects
ImportError: cannot import name 'DbProjects' from 'db_projects_show' (/Users/apple/Workspace/anhdh.write/py-databackup/db_projects_show.py)
Traceback (most recent call last):
  File "/opt/homebrew/Cellar/python@3.9/3.9.22/Frameworks/Python.framework/Versions/3.9/lib/python3.9/runpy.py", line 197, in _run_module_as_main
    return _run_code(code, main_globals, None,
  File "/opt/homebrew/Cellar/python@3.9/3.9.22/Frameworks/Python.framework/Versions/3.9/lib/python3.9/runpy.py", line 87, in _run_code
    exec(code, run_globals)
  File "/Users/apple/Workspace/anhdh.write/py-databackup/py39/lib/python3.9/site-packages/hypercorn/__main__.py", line 286, in <module>
    main()
  File "/Users/apple/Workspace/anhdh.write/py-databackup/py39/lib/python3.9/site-packages/hypercorn/__main__.py", line 282, in main
    run(config)
  File "/Users/apple/Workspace/anhdh.write/py-databackup/py39/lib/python3.9/site-packages/hypercorn/run.py", line 36, in run
    worker_func(config)
  File "/Users/apple/Workspace/anhdh.write/py-databackup/py39/lib/python3.9/site-packages/hypercorn/asyncio/run.py", line 191, in asyncio_worker
    app = load_application(config.application_path)
  File "/Users/apple/Workspace/anhdh.write/py-databackup/py39/lib/python3.9/site-packages/hypercorn/utils.py", line 118, in load_application
    module = import_module(import_name)
  File "/opt/homebrew/Cellar/python@3.9/3.9.22/Frameworks/Python.framework/Versions/3.9/lib/python3.9/importlib/__init__.py", line 127, in import_module
    return _bootstrap._gcd_import(name[level:], package, level)
  File "<frozen importlib._bootstrap>", line 1030, in _gcd_import
  File "<frozen importlib._bootstrap>", line 1007, in _find_and_load
  File "<frozen importlib._bootstrap>", line 986, in _find_and_load_unlocked
  File "<frozen importlib._bootstrap>", line 680, in _load_unlocked
  File "<frozen importlib._bootstrap_external>", line 850, in exec_module
  File "<frozen importlib._bootstrap>", line 228, in _call_with_frames_removed
  File "/Users/apple/Workspace/anhdh.write/py-databackup/api.py", line 2, in <module>
    from db_projects_show import DbProjects
ImportError: cannot import name 'DbProjects' from 'db_projects_show' (/Users/apple/Workspace/anhdh.write/py-databackup/db_projects_show.py)
[2025-04-16 17:05:43 +0700] [58199] [INFO] Running on http://0.0.0.0:5001 (CTRL + C to quit)
[2025-04-16 17:10:05 +0700] [59984] [INFO] Running on http://0.0.0.0:5001 (CTRL + C to quit)
[2025-04-16 17:12:02 +0700] [60764] [INFO] Running on http://0.0.0.0:5001 (CTRL + C to quit)
[2025-04-16 17:17:13 +0700] [62935] [INFO] Running on http://0.0.0.0:5001 (CTRL + C to quit)
[2025-04-16 17:55:28 +0700] [79368] [INFO] Running on http://0.0.0.0:5001 (CTRL + C to quit)
Traceback (most recent call last):
  File "/opt/homebrew/Cellar/python@3.9/3.9.22/Frameworks/Python.framework/Versions/3.9/lib/python3.9/runpy.py", line 197, in _run_module_as_main
    return _run_code(code, main_globals, None,
  File "/opt/homebrew/Cellar/python@3.9/3.9.22/Frameworks/Python.framework/Versions/3.9/lib/python3.9/runpy.py", line 87, in _run_code
    exec(code, run_globals)
  File "/Users/apple/Workspace/anhdh.write/py-databackup/py39/lib/python3.9/site-packages/hypercorn/__main__.py", line 286, in <module>
    main()
  File "/Users/apple/Workspace/anhdh.write/py-databackup/py39/lib/python3.9/site-packages/hypercorn/__main__.py", line 282, in main
    run(config)
  File "/Users/apple/Workspace/anhdh.write/py-databackup/py39/lib/python3.9/site-packages/hypercorn/run.py", line 36, in run
    worker_func(config)
  File "/Users/apple/Workspace/anhdh.write/py-databackup/py39/lib/python3.9/site-packages/hypercorn/asyncio/run.py", line 200, in asyncio_worker
    _run(
  File "/Users/apple/Workspace/anhdh.write/py-databackup/py39/lib/python3.9/site-packages/hypercorn/asyncio/run.py", line 242, in _run
    loop.run_until_complete(main(shutdown_trigger=shutdown_trigger))
  File "/opt/homebrew/Cellar/python@3.9/3.9.22/Frameworks/Python.framework/Versions/3.9/lib/python3.9/asyncio/base_events.py", line 647, in run_until_complete
    return future.result()
  File "/Users/apple/Workspace/anhdh.write/py-databackup/py39/lib/python3.9/site-packages/hypercorn/asyncio/run.py", line 88, in worker_serve
    sockets = config.create_sockets()
  File "/Users/apple/Workspace/anhdh.write/py-databackup/py39/lib/python3.9/site-packages/hypercorn/config.py", line 196, in create_sockets
    insecure_sockets = self._create_sockets(self.bind)
  File "/Users/apple/Workspace/anhdh.write/py-databackup/py39/lib/python3.9/site-packages/hypercorn/config.py", line 259, in _create_sockets
    sock.bind(binding)
OSError: [Errno 48] Address already in use
Traceback (most recent call last):
  File "/opt/homebrew/Cellar/python@3.9/3.9.22/Frameworks/Python.framework/Versions/3.9/lib/python3.9/runpy.py", line 197, in _run_module_as_main
    return _run_code(code, main_globals, None,
  File "/opt/homebrew/Cellar/python@3.9/3.9.22/Frameworks/Python.framework/Versions/3.9/lib/python3.9/runpy.py", line 87, in _run_code
    exec(code, run_globals)
  File "/Users/apple/Workspace/anhdh.write/py-databackup/py39/lib/python3.9/site-packages/hypercorn/__main__.py", line 286, in <module>
    main()
  File "/Users/apple/Workspace/anhdh.write/py-databackup/py39/lib/python3.9/site-packages/hypercorn/__main__.py", line 282, in main
    run(config)
  File "/Users/apple/Workspace/anhdh.write/py-databackup/py39/lib/python3.9/site-packages/hypercorn/run.py", line 36, in run
    worker_func(config)
  File "/Users/apple/Workspace/anhdh.write/py-databackup/py39/lib/python3.9/site-packages/hypercorn/asyncio/run.py", line 200, in asyncio_worker
    _run(
  File "/Users/apple/Workspace/anhdh.write/py-databackup/py39/lib/python3.9/site-packages/hypercorn/asyncio/run.py", line 242, in _run
    loop.run_until_complete(main(shutdown_trigger=shutdown_trigger))
  File "/opt/homebrew/Cellar/python@3.9/3.9.22/Frameworks/Python.framework/Versions/3.9/lib/python3.9/asyncio/base_events.py", line 647, in run_until_complete
    return future.result()
  File "/Users/apple/Workspace/anhdh.write/py-databackup/py39/lib/python3.9/site-packages/hypercorn/asyncio/run.py", line 88, in worker_serve
    sockets = config.create_sockets()
  File "/Users/apple/Workspace/anhdh.write/py-databackup/py39/lib/python3.9/site-packages/hypercorn/config.py", line 196, in create_sockets
    insecure_sockets = self._create_sockets(self.bind)
  File "/Users/apple/Workspace/anhdh.write/py-databackup/py39/lib/python3.9/site-packages/hypercorn/config.py", line 259, in _create_sockets
    sock.bind(binding)
OSError: [Errno 48] Address already in use
Traceback (most recent call last):
  File "/opt/homebrew/Cellar/python@3.9/3.9.22/Frameworks/Python.framework/Versions/3.9/lib/python3.9/runpy.py", line 197, in _run_module_as_main
    return _run_code(code, main_globals, None,
  File "/opt/homebrew/Cellar/python@3.9/3.9.22/Frameworks/Python.framework/Versions/3.9/lib/python3.9/runpy.py", line 87, in _run_code
    exec(code, run_globals)
  File "/Users/apple/Workspace/anhdh.write/py-databackup/py39/lib/python3.9/site-packages/hypercorn/__main__.py", line 286, in <module>
    main()
  File "/Users/apple/Workspace/anhdh.write/py-databackup/py39/lib/python3.9/site-packages/hypercorn/__main__.py", line 282, in main
    run(config)
  File "/Users/apple/Workspace/anhdh.write/py-databackup/py39/lib/python3.9/site-packages/hypercorn/run.py", line 36, in run
    worker_func(config)
  File "/Users/apple/Workspace/anhdh.write/py-databackup/py39/lib/python3.9/site-packages/hypercorn/asyncio/run.py", line 200, in asyncio_worker
    _run(
  File "/Users/apple/Workspace/anhdh.write/py-databackup/py39/lib/python3.9/site-packages/hypercorn/asyncio/run.py", line 242, in _run
    loop.run_until_complete(main(shutdown_trigger=shutdown_trigger))
  File "/opt/homebrew/Cellar/python@3.9/3.9.22/Frameworks/Python.framework/Versions/3.9/lib/python3.9/asyncio/base_events.py", line 647, in run_until_complete
    return future.result()
  File "/Users/apple/Workspace/anhdh.write/py-databackup/py39/lib/python3.9/site-packages/hypercorn/asyncio/run.py", line 88, in worker_serve
    sockets = config.create_sockets()
  File "/Users/apple/Workspace/anhdh.write/py-databackup/py39/lib/python3.9/site-packages/hypercorn/config.py", line 196, in create_sockets
    insecure_sockets = self._create_sockets(self.bind)
  File "/Users/apple/Workspace/anhdh.write/py-databackup/py39/lib/python3.9/site-packages/hypercorn/config.py", line 259, in _create_sockets
    sock.bind(binding)
OSError: [Errno 48] Address already in use
Traceback (most recent call last):
  File "/opt/homebrew/Cellar/python@3.9/3.9.22/Frameworks/Python.framework/Versions/3.9/lib/python3.9/runpy.py", line 197, in _run_module_as_main
    return _run_code(code, main_globals, None,
  File "/opt/homebrew/Cellar/python@3.9/3.9.22/Frameworks/Python.framework/Versions/3.9/lib/python3.9/runpy.py", line 87, in _run_code
    exec(code, run_globals)
  File "/Users/apple/Workspace/anhdh.write/py-databackup/py39/lib/python3.9/site-packages/hypercorn/__main__.py", line 286, in <module>
    main()
  File "/Users/apple/Workspace/anhdh.write/py-databackup/py39/lib/python3.9/site-packages/hypercorn/__main__.py", line 282, in main
    run(config)
  File "/Users/apple/Workspace/anhdh.write/py-databackup/py39/lib/python3.9/site-packages/hypercorn/run.py", line 36, in run
    worker_func(config)
  File "/Users/apple/Workspace/anhdh.write/py-databackup/py39/lib/python3.9/site-packages/hypercorn/asyncio/run.py", line 200, in asyncio_worker
    _run(
  File "/Users/apple/Workspace/anhdh.write/py-databackup/py39/lib/python3.9/site-packages/hypercorn/asyncio/run.py", line 242, in _run
    loop.run_until_complete(main(shutdown_trigger=shutdown_trigger))
  File "/opt/homebrew/Cellar/python@3.9/3.9.22/Frameworks/Python.framework/Versions/3.9/lib/python3.9/asyncio/base_events.py", line 647, in run_until_complete
    return future.result()
  File "/Users/apple/Workspace/anhdh.write/py-databackup/py39/lib/python3.9/site-packages/hypercorn/asyncio/run.py", line 88, in worker_serve
    sockets = config.create_sockets()
  File "/Users/apple/Workspace/anhdh.write/py-databackup/py39/lib/python3.9/site-packages/hypercorn/config.py", line 196, in create_sockets
    insecure_sockets = self._create_sockets(self.bind)
  File "/Users/apple/Workspace/anhdh.write/py-databackup/py39/lib/python3.9/site-packages/hypercorn/config.py", line 259, in _create_sockets
    sock.bind(binding)
OSError: [Errno 48] Address already in use
[2025-04-17 09:21:30 +0700] [9125] [INFO] Running on http://0.0.0.0:5001 (CTRL + C to quit)
[2025-04-17 09:28:51 +0700] [12102] [INFO] Running on http://0.0.0.0:5001 (CTRL + C to quit)
[2025-04-17 09:45:11 +0700] [18760] [INFO] Running on http://0.0.0.0:5001 (CTRL + C to quit)
